feature,target,pearson_r,pearson_p,spearman_r,spearman_p,n
saliency_area_ratio,likes_log,-0.019859,0.657764,-0.023001,0.607881,500
saliency_area_ratio,comments_log,-0.045809,0.306643,-0.046019,0.304431,500
saliency_area_ratio,shares_log,-0.018717,0.676295,-0.014575,0.745101,500
saliency_area_ratio,engagement_score,-0.029469,0.510893,-0.034667,0.439246,500
mean_saliency,likes_log,-0.022036,0.623026,-0.023566,0.59909,500
mean_saliency,comments_log,-0.048052,0.283538,-0.049887,0.265536,500
mean_saliency,shares_log,-0.021019,0.639157,-0.016924,0.705786,500
mean_saliency,engagement_score,-0.031938,0.47612,-0.037039,0.408556,500
saliency_std,likes_log,-0.05312,0.235752,-0.02836,0.52693,500
saliency_std,comments_log,-0.066678,0.136518,-0.047239,0.291774,500
saliency_std,shares_log,-0.036362,0.417191,-0.007861,0.860813,500
saliency_std,engagement_score,-0.051988,0.245901,-0.030894,0.490669,500
saliency_entropy,likes_log,-0.047127,0.292917,-0.020904,0.640993,500
saliency_entropy,comments_log,-0.068924,0.123765,-0.0532,0.235049,500
saliency_entropy,shares_log,-0.030611,0.494646,0.009249,0.836559,500
saliency_entropy,engagement_score,-0.048326,0.280801,-0.0179,0.689678,500
center_bias,likes_log,0.019225,0.66804,0.038303,0.392741,500
center_bias,comments_log,0.029233,0.514291,0.06923,0.122102,500
center_bias,shares_log,-0.021686,0.628559,0.036006,0.421758,500
center_bias,engagement_score,-0.000964,0.982852,0.066497,0.137584,500
component_count,likes_log,0.019176,0.668837,0.041496,0.354475,500
component_count,comments_log,-0.055602,0.214549,0.017857,0.690396,500
component_count,shares_log,0.018697,0.676626,0.050129,0.263219,500
component_count,engagement_score,-0.004046,0.928098,0.045721,0.307577,500
largest_component_ratio,likes_log,-0.024311,0.587595,-0.024741,0.581006,500
largest_component_ratio,comments_log,-0.052626,0.240143,-0.052882,0.23786,500
largest_component_ratio,shares_log,-0.019382,0.665481,-0.016997,0.704578,500
largest_component_ratio,engagement_score,-0.032764,0.464788,-0.037365,0.404447,500
