image_id,text,likes,comments,shares,saliency_area_ratio,mean_saliency,saliency_std,saliency_entropy,center_bias,component_count,largest_component_ratio,likes_log,comments_log,shares_log
wb_0001,🦁🎊🎉#coco的穿搭琰究所#,1377,537,191,0.255358,0.254075,0.426391,0.89073,0.345089,2,0.147404,7.228388451573604,6.2878585601617845,5.2574953720277815
wb_0002,风景壁纸 | 唯美 | 治愈 | 手机壁纸 | 高清无水印,324,18,54,0.036402,0.036152,0.182798,0.740268,0.552952,1,0.036378,5.783825182329737,2.9444389791664403,4.007333185232471
wb_0003,风景壁纸背景图高清,573,367,102,0.002114,0.002195,0.034041,0.582812,0.714135,2,0.001961,6.352629396319567,5.908082938168931,4.634728988229636
wb_0004,一组新疆，很美的风景！后几张有文物,176,40,22,0.000139,0.004128,0.018135,0.797975,0.666687,1,6.2e-05,5.176149732573829,3.713572066704308,3.1354942159291497
wb_0005,哎呀 一不小心又给自己吃美了,909,114,3,0.714313,0.711262,0.443591,0.972485,0.080098,1,0.714244,6.813444599510896,4.74493212836325,1.3862943611198906
wb_0006,"#青岛吃吃吃#
因为不少朋友来青岛旅游会问吃的推荐，写一篇我俩比较喜欢会经常去的餐厅合集。
1）菜好吃吃吃海鲜也不容易踩雷的饭店，最近喜欢宴玲珑，吃了有十几次了。是连锁（我一般吃麦岛新店），环境也不错。他家挺多菜做得挺好的，家烧杂鱼、烤鸭、玲珑稻香肉、黑松露鲍鱼土豆、墨鱼烧豆腐、比管 展开c",806,131,391,0.228757,0.226338,0.411185,0.884597,0.21943,1,0.228753,6.693323668269949,4.882801922586371,5.971261839790462
wb_0007,夏日海,1256,27,185,0.000154,0.020245,0.038265,0.916171,0.563071,0,0.0,7.136483208590247,3.332204510175204,5.225746673713202
wb_0008,"𝙒𝙚𝘾𝙝𝙖𝙩丨4K超清全屏风景壁纸

时光本无价，美好就在此刻！

花朵壁纸｜意境壁纸｜明艳大气｜生机有活力｜手机聊天背景图｜锁屏壁纸｜神仙壁纸｜护眼壁纸｜盛夏明媚｜治愈系壁纸｜高清无水印",251,10,21,0.037927,0.036545,0.146992,0.784567,0.310807,3,0.03692,5.529429087511423,2.3978952727983707,3.091042453358316
wb_0009,无属性剪辑素材｜风景实况｜灰蓝色｜雾蒙蒙,426,17,23,0.050341,0.04969,0.212035,0.756602,0.532817,1,0.05022,6.056784013228625,2.8903717578961645,3.1780538303479458
wb_0010,立秋吃美了～,451,51,3,0.661927,0.657124,0.463895,0.966905,0.13096,2,0.447425,6.113682179832232,3.951243718581428,1.3862943611198906
wb_0011,风景壁纸 大家早上好呀,54,17,13,0.064837,0.064074,0.237738,0.787428,0.284522,1,0.064812,4.007333185232471,2.8903717578961645,2.6390573296152584
wb_0012,"兄弟们早啊～

又是美好的一天#风景壁纸#",173,72,9,2.5e-05,0.000774,0.005889,0.790098,0.568982,1,1.8e-05,5.159055299214529,4.290459441148391,2.302585092994046
wb_0013,"#私享世界# 格鲁吉亚旅行｜姆茨赫塔 藏着高加索的千年温柔#遇见美好#
距离第比利斯仅半小时车程，藏着格鲁吉亚最古老的千年古都——姆茨赫塔。
作为曾经的皇家都城、整座城都是世界文化遗产，没有喧闹商业化，只剩厚重的历史与治愈的山河，安静又虔诚，太适合放空漫游🍃

这里是格鲁吉亚的灵魂圣地 展开c",160,28,488,0.273895,0.27158,0.43853,0.90678,0.462738,1,0.273882,5.081404364984463,3.367295829986474,6.192362489474872
wb_0014,"""当光芒渐暗，我自成风景""
我的全新单曲《崖》，在TME正式上线了！
🔗QQ音乐：K崖
🔗酷狗音乐：O网页链接
🔗酷我音乐：O网页链接 
《崖》以悬崖之花为喻，将孤独唱成优雅，用破碎后的高雅反击这世界的喧嚣。
让我们在迎风肆意的战歌中，见证每一次绝 展开c",777,285,10175,0.305324,0.300973,0.441337,0.904385,0.281814,1,0.305247,6.656726524178391,5.655991810819852,9.227787285579904
wb_0015,"农家午饭来啦～

吃完早饭后，我妈问我中午吃啥？ 我说肚子饱的时候，实在想不起来想吃啥…

我妈：额不问你了，额去看看评论区的娃想吃啥。

哈哈哈 从来没想过我家的饭能这样安排 😂

答案是卷饼，正好有网友说想吃卷饼，我妈看到了，所以中午吃卷饼！

我卷饼很仔细，先铺一层蒜辣汁，再铺一层豆 展开c",664,204,20,0.329277,0.324629,0.451236,0.912583,0.101188,2,0.27114,6.499787040655854,5.3230099791384085,3.044522437723423
wb_0016,"沈阳！！我们又来啦！！！
上次来还是录小品！！（周深？你？？？
这次！我们一起来给我们生米过生日！！！
我米！12岁生日快乐！！！
沈阳的蛾子也太……热情了！
鸡架也太好吃了！！！
炸鸡架！拌鸡架！烤鸡架！卤鸡架！都很好吃！！！【麻辣烫也好吃！！！
沈阳真的太好了！大家真的太热情了！！合 展开c",911522,128498,1000000,3.1e-05,0.001225,0.005967,0.8342,0.0,0,0.0,13.722872105914703,11.763676401185965,13.815511557963774
wb_0017,"大理美食推荐
这家烧烤太吊了！！
没吃过的味道！
店面小小的
但是一点都不马虎 2大理·孙记伊烤",1034,48,44,0.029897,0.029288,0.164793,0.698239,0.470741,1,0.029887,6.942156705699469,3.8918202981106265,3.80666248977032
wb_0018,"隔三差五地记录了一下大厨艾瑞克的美食
他现在已经犹如脱缰野马
不再满足于中国美食
放眼亚洲 再放眼世界了
谁懂我到家发现他在做！北非蛋！？
是一种什么体验",2908,239,3,0.53348,0.530679,0.489991,0.948227,0.037989,2,0.439738,7.975564658495202,5.480638923341991,1.3862943611198906
wb_0019,汇报最近小日常😽🎀,1788,474,24,0.268514,0.267254,0.437577,0.923839,0.100577,1,0.268513,7.489412083508719,6.163314804034641,3.218875824868201
wb_0020,"老家早饭 🥣

嘿嘿，还没睡醒就闻到厨房传来的香味了 ～

我在房间喊妈，问早上吃啥呀？

我妈进房间里笑眯眯地对我说：红豆豆稀饭木，网友都给咱把吃啥安排好了。

😂

#老家日记##我的美食日记##微博跨域计划#",820,185,2,0.151059,0.151395,0.34981,0.848689,0.462796,2,0.150388,6.710523109452428,5.225746673713202,1.0986122886681098
wb_0021,法国的夏天（众多本地美食中乱入火锅局）,889,59,42,0.34151,0.340245,0.468756,0.912288,0.064675,1,0.341476,6.7912214627261855,4.0943445622221,3.7612001156935615
wb_0022,哎我操了 香蒙我了,11775,1435,29,0.338646,0.336611,0.466868,0.91156,0.041473,1,0.338634,9.373818840968658,7.269616749608169,3.4011973816621555
wb_0023,"深圳好吃的饭店推荐
写了“漂亮饭”“环境好”的
都很适合拍照📸
而且既好看，又好吃😋
没写的就是单纯好吃
【好吃的都是吃过2-5次的】
#小妙分享##深圳美食#",279,8,86,0.043284,0.044454,0.189962,0.771767,0.33733,12,0.019554,5.634789603169249,2.19722457733622,4.465908118654584
wb_0024,"#在三亚被一锅椰子鸡拿捏了##微博旅行ing##我的美食日记# 奔赴海岛的快乐，被一锅椰子鸡拿捏🥥，5天三刷椰小鸡，真爱了！

🥥对比好几家椰子鸡，椰小鸡锅底实在程度直接赢麻。上桌当面现开3颗新鲜椰青，纯椰汁水直接入锅，不加清水、没有预制汤底，看得见的新鲜。小火慢慢煮开，满屋都是自然椰香 展开c",1028,270,566,0.388339,0.385319,0.479257,0.92307,0.199761,1,0.388293,6.9363427358340495,5.602118820879701,6.340359303727752
wb_0025,唯有，吃肉～ 2北京,868,102,11,0.31678,0.315281,0.45849,0.901758,0.043492,1,0.316759,6.767343125265392,4.634728988229636,2.4849066497880004
wb_0026,我吃吃吃吃吃！紫渊HWG超话,813,145,22,0.699346,0.696377,0.452918,0.979438,0.111814,1,0.699345,6.70196036600254,4.983606621708336,3.1354942159291497
wb_0027,开始晕饭！,1089,71,15,0.449321,0.447308,0.491001,0.933316,0.158795,1,0.44919,6.993932975223189,4.276666119016055,2.772588722239781
wb_0028,"放毒

刚吃完，天还亮着呢",1383,233,6,0.361956,0.36083,0.472563,0.918028,0.099282,2,0.361412,7.232733136177615,5.455321115357702,1.9459101490553128
wb_0029,#家乡美食大赛# 咱们就是帮吃帮厨都可以主打一个喜欢,12498,10678,10262,0.147992,0.147333,0.349036,0.844411,0.085817,2,0.147506,9.43340392009022,9.276034475171546,9.236300473645716
wb_0030,"小韩旅游日记☘️

（手忙脚乱的一些记录",858,104,23,0.100168,0.099724,0.297358,0.810453,0.641798,1,0.100162,6.755768921984255,4.653960350157523,3.1780538303479458
wb_0031,周五是一周最佳的赏味期,937,63,76,0.516881,0.514252,0.486372,0.963266,0.248927,2,0.516764,6.843749949006225,4.158883083359672,4.343805421853684
wb_0032,八月还是和你❤️@ 厨房,339,40,3,0.435376,0.433424,0.488977,0.932484,0.030409,1,0.435341,5.828945617610208,3.713572066704308,1.3862943611198906
wb_0033,"🔻其实来中国库库猛炫的日本人很多的。
🔻网友分享的这位也是，在南京猛炫各种街边美食。
🔻吃美了街边的快餐，非要把餐盘买下来带回去当纪念品。
#日本人在中国饭量##热点现场##海外新鲜事#",2678,190,96,0.367038,0.363535,0.473568,0.917131,0.323566,1,0.366997,7.893198869544609,5.25227342804663,4.574710978503383
wb_0034,"喜歡去不同的地方品嘗美食，特別喜歡麵條🍝每天吃都吃不厭🥰😆
😉小tips：麵條熱量不低，怕麩質的話優先選無麩質麵條，腸胃負擔更小。
旅行覓食總會吃到不少高卡美食，不必刻意安排運動，依靠散步就足夠。保持每天一萬步，自在享受美食不用有太大負擔🚶

#旅行##美食##面条##旅途中的美食#",815,79,49,0.165062,0.164547,0.367387,0.851453,0.364406,1,0.165049,6.704414354964107,4.382026634673881,3.912023005428146
wb_0035,晚安plog,628,87,5,0.493377,0.491451,0.493986,0.953028,0.118506,2,0.294621,6.444131256700441,4.477336814478207,1.791759469228055
wb_0036,"🐶✨🍰🐻
#酱紫婷好看哩##一条plog告别七月##今天星期五#",3628,3168,3054,0.217695,0.214215,0.401338,0.908404,0.101195,1,0.217694,8.19671240721307,8.06117135969092,8.024534871605695
wb_0037,"包头，三汤居稍麦。

当地朋友推荐，一进屋，见店里坐满了当地老头，他们纷纷抬头打量着我这个外地来的老头，就感觉这店稳了，够local。（很少用英语，但这个单词好玩）

然后点了25元的羊肉稍麦------本地为什么不写成烧麦？配一壶砖茶，一壶奶茶，慢慢像本地老头一样等稍麦上桌，等了十分钟热腾腾上 展开c",523,99,32,0.24583,0.242716,0.413754,0.893811,0.230032,3,0.245642,6.261491684321042,4.605170185988092,3.49650756146648
wb_0038,八月最期待的美食，桂花栗子,344,30,4,0.48186,0.479184,0.490083,0.939944,0.094612,1,0.48179,5.84354441703136,3.4339872044851463,1.6094379124341005
wb_0039,堪称美食合集的日常🫰🏼,786,127,15,0.401608,0.398448,0.47758,0.941344,0.099702,4,0.193595,6.668228248417403,4.852030263919617,2.772588722239781
wb_0040,左or右？,485,112,38,0.279841,0.279195,0.442723,0.906819,0.138923,5,0.22033,6.186208623900494,4.727387818712341,3.6635616461296463
wb_0041,"今日午饭 ：广元三碗川菜馆

昨晚住在江油，（江油肥肠很好吃，号称宇宙肥肠之乡）今早开了2个小时，到了广元，中午吃了川菜，川菜真好吃啊，尤其是大师傅挥舞着大勺现炒的。

最惊艳的是鱼香肉丝，是和我以往吃过的所有鱼香肉丝都不太一样的味道，据说是渝版鱼香肉丝。

十八秒肝腰合炒，我一直吃不惯 展开c",306,99,5,0.57305,0.570787,0.489596,0.95454,0.038808,1,0.573032,5.726847747587197,4.605170185988092,1.791759469228055
wb_0042,"晚餐吃的📍菁禧荟(静安店)
又是我在美食视频里被人种草的店
吃潮汕菜的
图一是冻马友鱼饭，我之前去潮汕没吃过鱼饭，尝试一下还可以，腌得淡淡的，加上普宁豆酱的提味
图二是雪花牛肉汤，我只点了一例，三个人尝一下就好了哈哈哈，我喝了一口：就是芹菜牛肉丸汤的味道。岛妈：这个肥牛好肥啊。娜娜： 展开c",389,72,2,0.161426,0.159648,0.3594,0.889723,0.024581,1,0.161425,5.966146739123692,4.290459441148391,1.0986122886681098
wb_0043,"钱能渡生活的苦，唯有爱能成全完整的人

我把爱排在前面
现在这个年代，只要你有手，只要你不懒
大概率是饿不着的
但是爱不是想得到就能得到的

夏日家常菜菜单：
1️⃣六月黄螃蟹烧毛豆
2️⃣丝瓜蛏子
3️⃣清蒸鸭舌
4️⃣梅干菜蒸肉
5️⃣新疆小红杏

忙活了一周的加班，都是周小弟烧饭给我们吃。于 展开c",441,27,62,0.415428,0.408176,0.475198,0.930085,0.093301,3,0.357216,6.091309882077698,3.332204510175204,4.143134726391533
wb_0044,"今天在去毕棚沟的路上，遇到一家餐厅，很有意思，我问在哪里点菜？服务员给我指了指后面，说：你去厨房去看看有啥菜。

啊，去厨房里点菜？

于是我就朝着后面的厨房里走去，好热闹啊，有3位服务员在旁边洗菜摆菜，有2位大厨在旁边的灶台前等着颠勺，还有一个长得蛮帅的藏族少年站在桌子旁，手里拿着纸 展开c",419,104,12,0.03783,0.038355,0.184005,0.740995,0.435463,2,0.03717,6.040254711277414,4.653960350157523,2.5649493574615367
wb_0045,小胖DH超话#小胖的巴黎夏日记##时差3巴黎不断更# 美食送达,11883,744,80,0.227392,0.225305,0.408888,0.877465,0.08899,1,0.22733,9.382948236582498,6.61338421837956,4.394449154672439
wb_0046,"我觉得说到南京美食那part好搞笑
gzry：粉丝推荐的
糯：是吗（嚼嚼嚼）
gzry：工作室账号底下
糯：（沉默嚼嚼嚼）
然后过两天自己po个广州美食提问😌

（gzs鲧犊子，不骂你们就不错了…）

跟之前那个vlog有异曲同工之妙哈哈哈哈哈哈哈
我们糯糯有什么坏心思呢他只是一只爱吃的小珠罢了🥺🤲 展开c",821,25,20,0.311852,0.309324,0.454834,0.902954,0.079659,1,0.311782,6.71174039505618,3.258096538021482,3.044522437723423
wb_0047,"美食推荐 ｜ 汉中堰壩鱼庄

还没到汉中，就有网友私信我去吃堰壩鱼庄，我查了一下，评价好高，再一看菜单，太想吃了！

我们是从酒店里打车过去的，路上和出租车司机聊天，问为什么汉中的鱼这么有名，这么好吃啊？

司机：因为汉中的水好嘛，汉中是汉江上游，这水都是从秦岭山上流下来的山泉水，而且 展开c",357,82,16,0.370678,0.36872,0.476409,0.940226,0.300459,1,0.370677,5.8805329864007,4.418840607796598,2.833213344056216
wb_0048,"𝑪𝒉𝒂𝒏𝒈𝑺𝒉𝒂🌶️
#城市味蕾战##我的美食日记# 2长沙",485,36,19,0.181319,0.180221,0.377607,0.861398,0.265169,1,0.181291,6.186208623900494,3.610917912644224,2.995732273553991
wb_0049,云南人才懂的美食 2曲靖·马龙区,510,70,5,0.239012,0.237724,0.417181,0.878959,0.156736,3,0.156183,6.236369590203704,4.262679877041316,1.791759469228055
wb_0050,无双胡家荣超话好吃😋#双记美食录#,4799,490,47,0.573889,0.561262,0.462218,0.957706,0.163251,3,0.463927,8.476371196895983,6.19644412779452,3.871201010907891
wb_0051,我发现每天都在制作美味食物心情会变得很好！,503,41,3,0.09614,0.095704,0.290504,0.808175,0.274047,1,0.096105,6.222576268071369,3.737669618283368,1.3862943611198906
wb_0052,江西好好吃！,977,328,7,0.184248,0.184199,0.381916,0.863176,0.007166,2,0.183096,6.885509670034818,5.796057750765372,2.079441541679836
wb_0053,日本人去南京逛吃,873,75,31,0.357831,0.353415,0.466942,0.916005,0.315405,2,0.357687,6.773080375655535,4.330733340286331,3.4657359027997265
wb_0054,北京你的烤肉真的好好吃,455,28,3,0.317552,0.317015,0.450146,0.910204,0.143582,5,0.306568,6.1224928095143865,3.367295829986474,1.3862943611198906
wb_0055,我们爱吃的#toptapminlee#,20676,3010,770,0.609007,0.604408,0.478991,0.971694,0.076671,2,0.414668,9.93677725040077,8.010027528481734,6.647688373563329
wb_0056,罗云熙超话 #有熙引力的城市探索# 一城粤韵，一味烟火。广州美食安利时刻开启，共寻特色滋味，留存专属城市记忆。指路👉🏻@罗云熙Leo ，快来参与评论吧！#罗云熙广州演唱会#,2660,404,298,0.039201,0.041308,0.18321,0.764372,0.567274,4,0.035226,7.886457270977689,6.003887067106539,5.700443573390687
wb_0057,评论区抓5位同学，每人一箱俺家很好吃的【紫罗兰紫薯】，这个更适合蒸着吃，特点是软糯香甜，湿润但不水，有甜度但不腻，热着喷香，冷下来又像吃糍粑，风味还有点芋泥香，细腻无丝，小小个都很匀溜，才十几块，喜欢的盆友都值得一试！,206,650,24,0.182976,0.181542,0.379866,0.864226,0.416678,1,0.18294,5.332718793265369,6.478509642208569,3.218875824868201
wb_0058,"#微博跨域计划#

本来说好周末去峨眉山，暴雨迫使我们改变计划，转道眉山市东坡区和青神县。

确定的旅游三大目的：吃好、玩好、睡好。

前天的晚餐，成都市米其林一星餐厅马旺子的眉山总店，属于必打卡的中华老字号，眉山是苏东坡的故乡，眉山人习惯称血旺为旺子，创始人和掌勺人姓马，取名“马旺子 展开c",1442,524,24,0.164651,0.163812,0.36533,0.850387,0.40851,1,0.164609,7.274479558773871,6.263398262591624,3.218875824868201
wb_0059,"这是我今年第4次来上海。如果说纽约是世界美食之都，那上海就是东方美食之都。共同点只有一个：好吃到停不下来。
. 2上海",678,165,20,0.321768,0.30226,0.410985,0.94119,0.392343,5,0.249378,6.520621127558696,5.111987788356544,3.044522437723423
wb_0060,"下午大哥带着哥哥弟弟回市里了
我们回到何家大院
我心想：嘿嘿挺好！今晚可以搞搞学习了哈哈！
玩了两天，果然需要一个过度才能进入状态
晚上写小练笔“一个老物件”
奶奶拿出了她的擀面杖，让我们猜多少年
我说：30多年？奶奶说不对
一算…这根擀面杖已经70多岁了！
怪不得奶奶做的 展开c",325,96,1,0.055298,0.055432,0.221232,0.756756,0.255642,3,0.036183,5.786897381366708,4.574710978503383,0.6931471805599453
wb_0061,"我们小米汽车测试车队到全国各地路测，看过各地美景，也品尝过各地美食。

谢谢各地朋友们的支持，期待未来日子，能有更多机会和大家相逢。

一车一世界，自在即澎程。",4945,361,124,0.423055,0.420091,0.483124,0.926226,0.306655,1,0.423018,8.506334448081361,5.891644211825772,4.8283137373023015
wb_0062,"《台湾美食记录》
一些明明看起来很普通的食材，
被他们一搭就变得很好吃。
（当然前提是要找对店，我这次踩雷也不少）

这里都是台湾朋友推荐的店，
我用江浙沪口味来主观描述一下。 2中国·台北",457,24,52,0.144767,0.139557,0.305973,0.896956,0.194355,7,0.087871,6.126869184114185,3.218875824868201,3.970291913552122
wb_0063,释放一下旅行美食库存 回归日常生活plog咯,666,65,18,0.501875,0.50466,0.481485,0.94876,0.158084,4,0.497118,6.502790045915623,4.189654742026425,2.9444389791664403
wb_0064,我记得我发过这个 好多宝子要的长沙美食推荐,1546,200,191,0.003129,0.003374,0.048443,0.592416,0.798524,4,0.001442,7.344072850573066,5.303304908059076,5.2574953720277815
wb_0065,"美食分享。算不算。

二编：我不知道是不是我我手抖的可厉害了突然被这么多果看到了啊啊啊啊。我本来发着玩的。大家自己看想不想吞服吧我不能确定
三编：一字不差！就是p2果果的！",1736,231,860,0.008186,0.010106,0.07792,0.651138,0.511761,6,0.002515,7.459914766241105,5.44673737166631,6.7580945044277305
wb_0066,"给大家推荐滚鸡蛋疗法。这是现代科学没法解释的一个方法，但它确实有效。

不管身体出现了什么问题，身上哪儿疼、痒或其他不舒服，这时如果没有其他办法，可以煮个鸡蛋，记住煮熟了以后趁热，哪儿不舒服就拿这个鸡蛋在哪儿滚，不要把鸡蛋壳弄破。

滚完以后，就会感觉症状有所缓解。这时打开鸡蛋就会发 展开c",2114,221,557,0.475492,0.473672,0.492279,0.937427,0.122103,1,0.475455,7.656810091480378,5.402677381872279,6.324358962381311
wb_0067,朋友第一次来杭州，我带他品尝杭州特色美食,2170,318,2,0.244045,0.243124,0.424646,0.884559,0.154253,1,0.243976,7.682943169878292,5.765191102784844,1.0986122886681098
wb_0068,分享图片,1033,62,15,0.141644,0.141357,0.342402,0.841555,0.280413,1,0.14158,6.941190055068375,4.143134726391533,2.772588722239781
wb_0069,pl🛋️g：回家的幸福小森活呀🐥🎀🍩🤲🏼,2070,225,17,0.16467,0.163956,0.365249,0.852739,0.462206,1,0.164653,7.635786861395585,5.420534999272286,2.8903717578961645
wb_0070,评论区抓3位同学，每人三斤很很很好吃的【陕西渭南大荔冬枣】，嘎嘣脆！清甜，新鲜，个头不大，但是很有滋味。如此闷热黏腻的夏日看到一捧清爽的枣，美呀，美呀,236,677,26,0.091616,0.091278,0.283569,0.808797,0.311672,1,0.09153,5.468060141135132,6.519147287940395,3.295836866004329
wb_0071,食在广州。真不愧是美食之都啊！太好吃了！ 2广州·天德广场,3817,424,49,0.35434,0.34761,0.448736,0.921082,0.22154,3,0.353409,8.247482004285693,6.052089168924417,3.912023005428146
wb_0072,"𝗚𝗼𝗼𝗱 𝘁𝗵𝗶𝗻𝗴𝘀˚.🎀༘⋆

希望每天都有 美食 美式 和美好的事",642,9,136,0.354832,0.353629,0.469777,0.916584,0.164783,7,0.350365,6.466144724237619,2.302585092994046,4.919980925828125
wb_0073,是我念叨了这么多年一直梦想中的广西！第一站想了好久最终选了南宁 最喜欢的老友粉的家乡👏螺蛳粉真的不臭！正宗的老友粉原来这么正宗炒一大盆生料只接扣饭我直接下跪p4螺蛳粉13老友粉8块 p6三鲜老友9块 猪肉伊面7块 以后我要搁这养老 2南宁,404,97,10,0.310252,0.309715,0.45162,0.903617,0.172563,5,0.153092,6.003887067106539,4.584967478670572,2.3978952727983707
wb_0074,"谁会想到有一天能上从小看的湖南卫视呢
欢迎友友们收看《家乡美食大赛》😋",12281,1021,138,0.091425,0.095801,0.235619,0.852382,0.217043,8,0.050442,9.415890054889344,6.92951677076365,4.934473933130692
wb_0075,周一好哇评论区5位小伙伴，每人三斤俺家的【新疆小红杏】，酸甜有味，香气足，小小一颗还能敲杏仁吃，物流也很棒，和新疆本地一样好吃！,209,678,21,0.085956,0.090266,0.260137,0.826076,0.037425,11,0.036529,5.3471075307174685,6.520621127558696,3.091042453358316
wb_0076,🍴ᗜ 𖥦 ᗜ★品尝这个世界,860,233,5,0.211568,0.21091,0.403652,0.872983,0.09639,1,0.211481,6.7580945044277305,5.455321115357702,1.791759469228055
wb_0077,13028,12740,439,89,0.145491,0.135532,0.276124,0.86776,0.282027,5,0.140618,9.45258041898138,6.0867747269123065,4.499809670330265
wb_0078,美食舰真不管散芬的死活啊,576,26,13,0.005942,0.005913,0.065146,0.621518,0.661305,1,0.00586,6.3578422665081,3.295836866004329,2.6390573296152584
wb_0079,"一个对待食物十分虔诚尊重的小姐姐 正在静待月经大人来袭中
P1山姆这个小奶包好好吃 奶香奶香的很松软可爱 不知是不是太久没吃这种的了 特别喜欢！！！
P2山东晚餐哈哈哈哈哈哈猜右上角是什么
我特想吃结果我爸炒的巨咸无比
P3每隔一段时间就思念榴莲大人
P456今天的 展开c",1722,507,1,0.227164,0.226299,0.411121,0.880111,0.38437,2,0.226331,7.45182223652793,6.230481447578482,0.6931471805599453
wb_0080,又想炫耀大眼睛又想炫耀美食的拍照模版…第一次见到这样拍美食皂片滴◉‿◉,555,10,158,0.620536,0.615822,0.477693,0.972037,0.023835,1,0.620536,6.320768294250582,2.3978952727983707,5.068904202220232
wb_0081,快乐被美食填满✨,1116,120,1025,0.315463,0.313181,0.4492,0.909194,0.098696,3,0.189977,7.018401799069201,4.795790545596741,6.933423025730715
wb_0082,"#清清开启巴黎副本#
【狼妹的物料百宝袋💎】

🎠家马的中国胃对法国美食的态度by like：❌

#时差3巴黎不断更#狼队王者荣耀超话",4700,514,189,0.476742,0.474544,0.493268,0.939663,0.274253,1,0.476667,8.45553053102413,6.244166900663736,5.247024072160486
wb_0083,"#夏天就要吃美食#
夏天的快乐，一半是美食给的✨
虽然今天就立秋了，但气温也还是没降下来，所以会想念前几个月的潇洒也在所难免
毕竟坐在板前看师傅现场料理，清爽的刺身、精致手握，如果不是要矜持，应该没有人会不想催促师傅再快一点吧

还有和小伙伴们一起下班聚餐，最爽的就是听到项目顺利 展开c",3061,248,2060,0.220706,0.216958,0.39556,0.880938,0.093183,2,0.202488,8.026823576217629,5.517452896464707,7.630946580890459
wb_0084,西安超话 来西安，尝一尝长安美食,465,14,14,0.183322,0.182932,0.380027,0.862709,0.273145,1,0.183293,6.144185634125646,2.70805020110221,2.70805020110221
wb_0085,"🥢这次来南京，没急着去景点打卡，反而一头扎进了巷子里。做餐饮的人，看什么都带着点“职业病”——看到老板揉面、下料、浇汤的动作，忍不住在心里拆解流程；尝到一口鸭血粉丝汤，第一反应是“这汤头怎么熬的”～#我的美食日记#

🍜 但走着走着，就忘了“考察”，只剩“享受”。在街口的小摊前蹲 展开c",385,25,357,0.282631,0.277579,0.436506,0.895321,0.168443,1,0.282485,5.955837369464831,3.258096538021482,5.8805329864007
wb_0086,YRT光明超话再展现一下神是如何拍美食的，与民共赏之👍🏻,5486,623,52,0.252512,0.251559,0.430013,0.887144,0.442493,1,0.2525,8.610136937058975,6.436150368369428,3.970291913552122
wb_0087,有幸在亲戚家吃过一回，被惊艳到了！！,1355,38,434,0.594583,0.592991,0.484282,0.958076,0.015128,1,0.594572,7.212294468500341,3.6635616461296463,6.075346031088684
wb_0088,精心钻研妆容和美食中,1180,48,51,0.092588,0.092206,0.284788,0.856509,0.190498,1,0.092588,7.074116816197362,3.8918202981106265,3.951243718581428
wb_0089,"王星越超话
回国第二章：让所有中华美食紧张起来🍚@王星越",4036,715,668,0.284223,0.283069,0.443273,0.90054,0.291696,3,0.215213,8.30325712085294,6.573680166960646,6.505784060128229
wb_0090,"Plog 104 | 去长沙4天吃吃喝喝+录综艺初体验
第一次参加综艺的体验献给了#家乡美食大赛# ！！是谁幸福了我不说在湖南站吃到了10道招牌湖南菜
各位名厨在我面前烹饪真的是！观赏性极强而且我也现场追星成功嘿嘿嘿！！大家都特别nice～记得去湖南卫视&芒果TV看呀！ 展开c",7924,1113,5132,0.181834,0.179133,0.370518,0.864365,0.447878,3,0.121684,8.977777598745481,7.01571242048723,8.543445562560303
wb_0091,原来飞机去暹罗只需要三个小时#奇遇一夏#,5760,637,163,0.25983,0.258944,0.434377,0.886727,0.435548,1,0.259799,8.658866349732383,6.45833828334479,5.099866427824199
wb_0092,"我的朋友们肯定饿了
谁说杭州是美食荒漠的
我觉得挺好吃啊😦 2杭州",420,123,12,0.767634,0.763596,0.412931,0.978128,0.075647,1,0.767521,6.042632833682381,4.820281565605037,2.5649493574615367
wb_0093,"#美味祖理人# EP06即将上线🍳
祖理人@宋祖儿lareina 与你发起美味共享😋自制小夜宵🥢烤冷面&鳗鱼🐟加急备餐，坐等开吃～宋祖儿超话",4725,650,446,0.314959,0.310701,0.444711,0.909728,0.275976,1,0.31489,8.460834457746854,6.478509642208569,6.102558594613569
wb_0094,"✨星星去甘孜骑马采风🐎
毡房里飘出酥油香
就是暂停的信号。
接过热烫的酥油茶，
咸醇的暖意直达脚底；
火炉旁牦牛串正滋滋冒油，
一口咬下满嘴焦香；
再围炉吃一锅滚沸的牦牛汤锅，
骨汤白得像云，
肉块炖得酥烂，
野菜吸饱了汤汁。
马背晃荡的疲惫，
全被这高原三件套妥帖抚平。
在甘孜，一碗酥油 展开c",571,26,574,0.154219,0.153617,0.356748,0.846822,0.394007,1,0.154213,6.349138991379798,3.295836866004329,6.354370040797351
wb_0095,亮宇cly超话 一些库存#龟龟进化论#,607,112,5,0.240363,0.240831,0.416462,0.88411,0.559047,3,0.240015,6.410174881966167,4.727387818712341,1.791759469228055
wb_0096,崔然竣去当美食探店玻珠被店家追到家门口送礼求删帖,686,21,96,0.397361,0.398556,0.459964,0.933203,0.14391,1,0.397315,6.532334292222349,3.091042453358316,4.574710978503383
wb_0097,不知道申摊申什么但先写了一份【顺德美食攻略】。。。来cpg08的朋友可以来吃我就在这放一下😱p9是集合长条捏,2322,95,3872,1.9e-05,0.008995,0.021271,0.912397,0.99526,1,1.9e-05,7.750614732770409,4.564348191467836,8.261784679514752
wb_0098,"澳門的一天
看show然後吃了很多😋😋",595,45,28,0.258461,0.257032,0.427194,0.891395,0.214096,1,0.258385,6.39024066706535,3.828641396489095,3.367295829986474
wb_0099,"谁说杭州是美食荒漠的！
好吃好吃！",404,84,4,0.545199,0.53955,0.484075,0.963651,0.125575,1,0.545196,6.003887067106539,4.442651256490317,1.6094379124341005
wb_0100,"婷姐～花系列投稿来啦～前两年考的在职研究生，周末上课在985高校拍下了这组照片
#好嫁风仙女来反馈#
985的花更美一些
希望我的妹子们多多985",132,12,1,0.396029,0.394875,0.482146,0.925638,0.169555,1,0.395941,4.890349128221754,2.5649493574615367,0.6931471805599453
wb_0101,brunch｜一人食 ｜精致早午餐｜美味,124,34,30,0.432082,0.430221,0.488032,0.931956,0.052096,2,0.350485,4.8283137373023015,3.555348061489413,3.4339872044851463
wb_0102,"立秋了确实有一些清爽和凉意，但南方还是暑湿闷热。我介绍的北方菜、主食，还是以补益脾胃、甘甜利尿的为主，我选了玉米面，它也叫棒子面。

棒子面原来是主食，现在是杂粮，原来人们都不愿意吃，现在都抢着吃，确实是一种很好的食材。

玉米面的特点是不好发酵，但味道比较甜，而且耐嚼，所以做窝头也 展开c",112,9,12,0.363304,0.361946,0.476758,0.916872,0.391635,1,0.363281,4.727387818712341,2.302585092994046,2.5649493574615367
wb_0103,"60炸鸡 真滴 超好吃！！！
bhc有点爱不动了
记录下外卖 🥡 每家店名字打上了哈

1.60炸鸡：新欢新欢 闭眼点原味或孜然味
2.猪蹄귀한족발 必吃 推荐 （原味比辣味好吃 ）
3.小韩便利店饮料都很甜 茶最保险ahh
4.Yogurt World酸奶碗
我点的是酸奶冰淇淋 推荐蜂蜜款 这个就是吃个清爽感 ！！最 展开c",3725,1138,93,0.446522,0.444259,0.492816,0.933673,0.377819,1,0.446499,8.223090551161533,7.037905963447182,4.543294782270004
wb_0104,"入秋的第一杯快乐，被这抹明亮的晴空黄稳稳接住了！
算下来这场秋日色彩主题活动已经走到第四年，每次看到这个暖融融的色调，都像攥住了一捧秋日阳光，整个人都跟着舒展起来。就像它传递的感觉一样：向阳而生，万事发光，带着对生活、事业的美好期许往前走，日子总会慢慢发亮。
两款酸奶昔都很值得一试 展开c",51,51,51,0.104219,0.103418,0.299064,0.815777,0.27268,1,0.104184,3.951243718581428,3.951243718581428,3.951243718581428
wb_0105,"《关于〈一路向海的少年〉的友好沟通函》

非常感谢腾讯视频《一路向海的少年》对朱志鑫的邀请以及对项目倾注的心血。我们作为组合C位一番队长朱志鑫的粉丝，一直积极投身宣传推///广、数///ju维护等实际支持中。

然而，在近期部分宣发物料及rs话题中，存在未严格遵循番///位顺序的情况，且出现了部分 展开c",28577,2145,13117,0.000794,0.000866,0.024453,0.498866,0.852758,2,0.000713,10.260392470028917,7.671360923190644,9.48174061185368
wb_0106,"精致餐饮 | 「卡露伽×瑞吉十二渔饭局」主题晚宴

🧜🏻‍♀️🧜🏻‍♀️卡露伽与深圳前海华侨城瑞吉酒店宴庭中餐厅联袂呈现的「卡露伽×瑞吉十二渔饭局」主题晚宴。目的地是前海瑞吉49楼的私享包间——傅厚民笔下的香槟金与深色木饰面在云端铺陈，窗外是前海湾的璀璨灯火与湾区之心的天际线🌃 展开c",203,15,207,0.279918,0.278861,0.443951,0.891719,0.064741,1,0.279909,5.318119993844216,2.772588722239781,5.337538079701318
wb_0107,"#张雅琪中餐厅海报被改#
十季被删第一人！这姐真的嚯嚯了不少人，不止让嘉宾不舒服，也真的太折磨观众了
张雅琪被《中餐厅10》节目组从官方主海报删除，成为这档综艺开播十季以来，第一位被官方除名的常驻嘉宾。 #张雅琪直到现在都没有为自己辩解# 张雅琪辩解？大家又不是瞎！张雅琪的性格 还 展开c",191,41,19,0.147362,0.146159,0.348605,0.84191,0.457854,1,0.147349,5.2574953720277815,3.737669618283368,2.995732273553991
wb_0108,"本山东人对面食的感情那真是刻在DNA里的🍜#河南美食#完全是我的取向狙击，因为有数不清的面！但每次去河南最愁的也是这个：不知道哪家才是地道的老店、想吃的店全藏在犄角旮旯里、本地朋友推荐的店名转头就忘......
好在@三金西瓜霜 和@香香美食 直接把地道河南人私藏的好面馆清单做成了路书📘 ！
展开c",8208,218,1267,0.570856,0.566024,0.48112,0.9557,0.06102,1,0.57081,9.012986392348266,5.389071729816501,7.145196134997171
wb_0109,【#厦门影视剧同款美食#】一口沦陷！@丁禹兮 亲自推荐！厦门“必吃榜”在这！近期，《南部档案》《迷墙》等多部厦门元素满满的影视剧全网热播，将地道的厦门烟火淋漓展现。掀起追热剧游厦门热潮 四果汤、土笋冻、薄饼、煸豆干……一众闽南特色小吃轮番登场，每一款都是厦门街头备受喜爱的古早味道，跟 展开c,1314,263,486,0.572112,0.557428,0.42972,0.964752,0.222948,6,0.557807,7.181591944611865,5.575949103146316,6.18826412308259
wb_0110,"沉浸于夏日乌托邦☁️
hii！一转眼一下子就到八月噜 迟到的八月快乐🥰！分享一下前几天出去拍下的照片日记^-^
#plog##日常碎片plog#",1532,22,340,0.055237,0.055022,0.223768,0.76395,0.31271,2,0.053953,7.334981878871814,3.1354942159291497,5.831882477283517
wb_0111,"#正能量艺人王一博# wyb#青年演员王一博#
【20260805《今日博览》王一博消息汇总】

二十九载，你从喧嚣之外走来，带着独有沉稳与坚韧，不借风势，不逐浪形，只忠于自己的心跳，朝着热爱前行。镜头里，你将悲欢细细拆解；舞台上，你随光影肆意舒展；乐声里，你从青涩唱到从容；岩壁之上，你以勇气一寸 展开c",152,16,29,0.294256,0.29293,0.450062,0.901334,0.11085,1,0.294241,5.030437921392435,2.833213344056216,3.4011973816621555
wb_0112,"只有我、我最爱的歌，还有眼前的风景。
🌊🤍🐰🐋💫

#prigkhing#",958,90,9,0.257197,0.256236,0.432263,0.889919,0.29338,1,0.257176,6.865891074883439,4.51085950651685,2.302585092994046
wb_0113,一站有一站的新风景💞,2300,128,38,0.122253,0.122553,0.322534,0.834022,0.521181,3,0.121211,7.741099090035366,4.859812404361672,3.6635616461296463
wb_0114,他们拍我，我拍风景 🫶🏼📸,11420,1950,927,0.479578,0.477587,0.494583,0.940453,0.241954,1,0.479552,9.343209045050608,7.576097340623111,6.833031732786201
wb_0115,#一路向海的少年五椰报到# 向海之旅的美好风景，我都想用镜头珍藏和你分享~ #一路向海的少年#,1895988,238778,1000000,0.081593,0.081464,0.268136,0.801496,0.114786,1,0.081545,14.45525116009251,12.38329371693517,13.815511557963774
wb_0116,陈靖可超话 新疆明信片📷,1310,612,58,0.001888,0.002373,0.038609,0.535428,0.400449,1,0.001847,7.1785454837637,6.418364935936212,4.07753744390572
wb_0117,一路向海的少年超话 随机掉落我们眼中的风景☁️🎡✨#一路向海的少年# #一路向海五椰线上发布会#,7207,642,798,0.108611,0.108547,0.306637,0.810192,0.447795,1,0.108601,8.882946799288174,6.466144724237619,6.683360945766275
wb_0118,"掉落一丢丢昨天的

早上吃了河粉，然后一天看了很多风景，拍了很多照片，看了🗼

TTG粤精彩超话",8057,353,51,0.385712,0.380154,0.477153,0.922076,0.355596,4,0.385243,8.994420665751292,5.869296913133774,3.951243718581428
wb_0119,人生一大乐事，就是对着风景吃火锅、吃烧烤。,1380,179,21,0.157078,0.156519,0.357443,0.849564,0.373873,3,0.15662,7.2305631534092925,5.19295685089021,3.091042453358316
wb_0120,明信片🍊陈添祥超话,50195,15050,13578,4.1e-05,7.8e-05,0.006204,0.307701,0.203865,0,0.0,10.8236906212302,9.619199713152362,9.516279760698795
wb_0121,新疆,2548,37,202,0.269255,0.263764,0.415027,0.901467,0.311789,2,0.268176,7.8434564043761155,3.6375861597263857,5.313205979041787
wb_0122,自在飞花轻似梦,978,143,2,0.024433,0.02419,0.143844,0.70781,0.436968,2,0.024045,6.88653164253051,4.969813299576001,1.0986122886681098
wb_0123,"虽然出门拍摄总得撒野尿，
但时不时也能碰到风景绝佳的厕位。",451,123,20,7.2e-05,0.00924,0.035041,0.822904,0.26648,0,0.0,6.113682179832232,4.820281565605037,3.044522437723423
wb_0124,上帝先創造了毛里求斯，再依照毛里求斯的風景創造了天堂。,535,56,1,0.001013,0.00105,0.027313,0.475061,0.068971,1,0.000995,6.284134161070802,4.04305126783455,0.6931471805599453
wb_0125,“手机风景壁纸”已送达，大家早安呀~,492,126,135,0.116812,0.109041,0.27537,0.846521,0.162446,2,0.115921,6.20050917404269,4.844187086458591,4.912654885736052
wb_0126,"继续存照片📷
虽然每天早起晚睡[好运连连]但美美的风景值得！",478,29,32,0.045972,0.045769,0.20377,0.756059,0.402093,1,0.045898,6.171700597410915,3.4011973816621555,3.49650756146648
wb_0127,𝗕𝗹𝘂𝗲 𝗛𝗼𝘂𝗿蓝调时刻,1249,15,65,0.080075,0.079798,0.267114,0.793586,0.338624,1,0.079948,7.1308988302963465,2.772588722239781,4.189654742026425
wb_0128,"【#五台山被雷击网友称眼前一白就倒了#】#五台山多名驴友遭雷击救援者发声#7月31日，网传多名驴友在山西五台山徒步时，不慎遭遇雷击。有群聊截图称，有人被劈倒后心跳骤停，另有多人被击倒后受到惊吓。

针对此事，@中国新闻周刊 联系到五台山风景名胜区公安分局及五台山风景名胜区应急管理局，工作人 展开c",1166,182,133,0.035778,0.036356,0.172856,0.76322,0.069515,4,0.019664,7.062191632286556,5.209486152841421,4.897839799950911
wb_0129,"这期真的美晕乎
风景和美衣双向治愈
质感全面up 🐟🧺持续上新中
喜欢哪件~2个宝宝同款穿🤞
#8uioio 08.10 20:00#",696,414,7,0.196348,0.19552,0.392319,0.868072,0.340749,2,0.19624,6.546785410760524,6.028278520230698,2.079441541679836
wb_0130,内含大量私设的美帅猫狗合订本持续建设中,1740,48,152,0.182453,0.184957,0.373078,0.866172,0.183018,4,0.149886,7.462214939768189,3.8918202981106265,5.030437921392435
wb_0131,𝗕𝗹𝘂𝗲 𝗛𝗼𝘂𝗿蓝调时刻💙,542,13,32,0.084614,0.084317,0.275108,0.796931,0.4259,1,0.084602,6.297109319933935,2.6390573296152584,3.49650756146648
wb_0132,那年今日24年情人节见面 15号大早上拍一张酒店窗外风景照嘛🥴有点意思,757,26,1,0.695005,0.689982,0.453759,0.970434,0.081007,1,0.694999,6.630683385642372,3.295836866004329,0.6931471805599453
wb_0133,平淡夏日,1651,80,150,0.50425,0.499554,0.489751,0.94682,0.168582,1,0.504183,7.409741954080923,4.394449154672439,5.017279836814924
wb_0134,"光海象限超话 #LASER和MANTA虎丘苏绣展#
LASER & MANTA × 朱寿珍 × 虎丘山风景名胜区

非遗苏绣联动企划 【苏韵悠悠·鳞隐虎丘】 雅韵献上。

LASER & MANTA《龙生九子》九幅苏绣联动作品，现已全部制作完成。一针一线，摹千年祥瑞之姿；九子各异，现非遗匠心之魂。

联动作品特别展览时间【2026年8 展开c",12221,1771,3774,0.212083,0.212777,0.379533,0.884143,0.153266,3,0.123256,9.410992885454862,7.479864131165026,8.236155661683124
wb_0135,"此男拍风景的时候拍商极高
人像我不评价了，纯靠建模

#刘宇宁# ！#刘宇宁地球超新鲜#",1832,55,181,0.084551,0.083435,0.270454,0.801399,0.650495,3,0.083015,7.513709247839705,4.02535169073515,5.204006687076795
wb_0136,大自然风景,577,25,35,0.019352,0.0193,0.133957,0.691654,0.316939,1,0.019316,6.359573868672378,3.258096538021482,3.58351893845611
wb_0137,"我要…给妈咪们…拍风景…
#苏新皓一路向海的少年#",3557,107,771,0.106983,0.106494,0.302985,0.813863,0.126729,1,0.106983,8.17695386822578,4.68213122712422,6.648984550024776
wb_0138,"好吧好吧队友大床房文轩cp双床房
房间干净整洁，风景独好
#刘耀文宋亚轩采访#",1270,19,127,0.111358,0.111087,0.308815,0.812805,0.283976,1,0.111296,7.147559271189454,2.995732273553991,4.852030263919617
wb_0139,我拍风景呢，他非要凑过来，说不让我立单身人设,2861,86,190,0.000406,0.001129,0.018836,0.584762,0.088742,1,0.000369,7.959275960116396,4.465908118654584,5.25227342804663
wb_0140,"向野·风景色卡送达📸
当车辆穿梭于翠绿山野，能看见金色晚霞洒满整个山坡，到了夜幕降临时，夜空会留下深邃的蓝...
我们用颜色，定格与姐姐们一起看过的每一个风景。
#向野的我们#向野的我们超话",6716,323,61,0.228746,0.227371,0.403203,0.883583,0.362795,2,0.228323,8.812396905266864,5.780743515792329,4.127134385045092
wb_0141,更是完蛋,3108,240,243,0.001312,0.001388,0.02984,0.496863,0.502383,3,0.0006,8.042056410058754,5.484796933490655,5.497168225293202
wb_0142,好的🫘更新了真的还是风景照，不会真就发这个东西吧？你是不是还有别的没发？@尚公主官微,684,64,4,0.068532,0.068193,0.247858,0.785255,0.420881,1,0.0685,6.529418838262226,4.174387269895637,1.6094379124341005
wb_0143,静心的绿,1676,43,312,0.018619,0.018682,0.132027,0.663381,0.130957,1,0.018573,7.424761761823209,3.784189633918261,5.746203190540153
wb_0144,"sʜᴀʀᴇ ""
山川湖海风景壁纸⛰️",1104,88,99,0.016722,0.016688,0.126262,0.731726,0.116423,1,0.016719,7.007600613951853,4.48863636973214,4.605170185988092
wb_0145,“手机风景壁纸”已送达，大家早安呀！,443,129,119,0.064102,0.063903,0.241197,0.783939,0.587008,1,0.064059,6.095824562432225,4.867534450455582,4.787491742782046
wb_0146,暮,811,18,135,0.00058,0.01344,0.050244,0.810855,0.696825,3,0.000222,6.699500340161678,2.9444389791664403,4.912654885736052
wb_0147,"时光匆匆，岁月无声。
多年以后，很难记清曾经某一天的天气、心情与风景，唯有照片，能定格瞬间，留住岁月。

#微博影像年# 2昆明·黄公东街",1089,71,243,0.071636,0.074929,0.238906,0.859487,0.311114,5,0.053806,6.993932975223189,4.276666119016055,5.497168225293202
wb_0148,晚安超话晚霞如火焰般燃烧在天边，给傍晚的天空绘上一抹妖娆的色彩,581,2044,6,1.4e-05,0.000526,0.005053,0.728501,0.996138,0,0.0,6.366470447731438,7.623153068476902,1.9459101490553128
wb_0149,"喔～～这趟川西之旅其实是一个意外的美好行程🌸🌸🌸
那天梦洁在群组说要找大家玩
佳姐说霏姐要去找她玩相约川西
我发现日期刚好是我跟的上的时间段 本来就需要放段小假期
决定来个说走就走！！！

如果没有这趟旅程，我认真觉得我可能没机会认识到这些美丽的风景和地方。
从民宿看出去满眼都是美 展开c",589372,47495,123457,0.318014,0.316653,0.455738,0.903583,0.25375,2,0.229897,13.286814538938865,10.76840077595051,11.72365629623786
wb_0150,"#张杰出道二十二周年#
二十二年，八千零三十五天。
从二十一岁出发，
这般勇敢地、热烈地唱到今天。

二十二年有多长，
从渴望拥有一个舞台，
到一步一步，把世界唱成舞台。
沿途的风景若真要细数，
大约十天十夜也说不完。

二十二年有多短，
不过是聚光灯暗去又亮起来，
真诚从未减过分毫。
我们依 展开c",17278,3358,3955,0.357687,0.351997,0.447018,0.92537,0.195253,3,0.190672,9.75724717031312,8.119398589612294,8.282988692742602
wb_0151,“手机风景壁纸”已送达，大家早安呀！,439,120,136,0.007246,0.006864,0.072582,0.630907,0.327212,1,0.007214,6.0867747269123065,4.795790545596741,4.919980925828125
wb_0152,海边风景高清背景图,1350,435,231,0.000908,0.000989,0.026125,0.492512,0.278132,5,0.000338,7.208600337960199,6.077642243349034,5.44673737166631
wb_0153,"【#疑似梁文锋早期微博被扒#，#梁文锋疑似曾单人闯无人区被困一周#】近日，有网友扒出一个名为“程序小王子”的早年微博账号，疑似为梁文锋本人账号。从账号内容来看，博主是个摄影爱好者，早年发布的内容以风景照为主，记录了大量藏区风光。

其中一条2011年11月7日发布的微博格外引人关注：""被困无人 展开c",2152,267,146,0.008907,0.008727,0.086123,0.616901,0.577598,5,0.008098,7.674617497364363,5.5909869805108565,4.990432586778736
wb_0154,剪辑素材｜绿色系｜风景素材实况｜树🌳🌿,1293,56,48,0.497036,0.476917,0.479605,0.952271,0.292243,1,0.497036,7.165493475060845,4.04305126783455,3.8918202981106265
wb_0155,"五十歲了！
回頭看看這一路，笑過，也哭過；得到過，也失去過。
我走過許多國家，看過不同的風景，也遇見了許多改變我人生的人。
我曾享受過掌聲與掌聲背後的光環，也曾在人生低谷中，學會面對失落與無常。
這一路走來，我看過生命的奇蹟，也經歷了離別的傷痛。直到今天，我才真正明白，人生最珍貴的， 展开c",2341,219,24,0.303113,0.301812,0.450455,0.903887,0.113167,1,0.303056,7.758760544157663,5.393627546352362,3.218875824868201
wb_0156,"施南生: 世人皆是風景

認識施南生是因為徐克，十多年前的事情了，老徐本來也不認識，他突然打電話到辦公室自我介紹，表示想把李敖生平搬上銀幕，希望見面聊天。導演籌備電影，聊天攞料是基本動作，我欣然赴會，約在半島酒店happy hour，暢談到六點多，他拉我到旁邊的義大利餐廳吃飯，踏進去，遠遠 展开c",2075,155,343,0.50166,0.500334,0.49126,0.941065,0.120962,3,0.501168,7.638198244285779,5.049856007249537,5.840641657373398
wb_0157,开快车是工作，开快乐的车是生活。习惯了在赛道上追赶时间，也越来越享受不计时的旅程。开着问界M6 出发，不看圈速，不赶终点，沿途的风景就是今天最好的成绩。#赛车手张臻东#张臻东超话,3630,110,1112,0.189959,0.189032,0.385871,0.859377,0.187558,1,0.189913,8.197263371414335,4.709530201312334,7.014814351275545
wb_0158,"禅意风景

📸Paul Cupido",559,9,76,0.006461,0.00646,0.076749,0.596414,0.273013,1,0.006456,6.327936783729195,2.302585092994046,4.343805421853684
wb_0159,晚安超话晚霞如火焰般燃烧在天边，给傍晚的天空绘上一抹妖娆的色彩,902,2324,7,1.4e-05,0.000526,0.005053,0.728501,0.996138,0,0.0,6.805722553416985,7.751475318021456,2.079441541679836
wb_0160,风吹草低见牛牛🐮🍃#还能万救一下#,86509,7718,7902,0.303904,0.302646,0.454579,0.900255,0.218069,1,0.303804,11.36801529317442,8.951440100949855,8.974997713204976
wb_0161,哇喔,3735,548,162,0.085409,0.081018,0.255857,0.799416,0.686151,4,0.083071,8.225770799348734,6.3080984415095305,5.093750200806762
wb_0162,青衫烟雨客似是故人来,2039,51,76,0.000706,0.01409,0.04707,0.853549,0.252472,3,0.000204,7.620705086838262,3.951243718581428,4.343805421853684
wb_0163,"1️⃣7️⃣用「1」条plog告别「7」月🪴🐈🌈
#奇遇一夏##毛毛嘻语##一条plog告别七月#",20246,10112,10200,0.091777,0.092646,0.280553,0.810814,0.203758,3,0.076481,9.915761913411515,9.221577003902173,9.23024103368252
wb_0164,"#陈楚生荒芜之境演唱会三亚站#
十九岁离开三亚的时候，我总觉得，只要一直往前走，就会遇见更多风景。
后来一路唱着歌，去了很多地方。才明白最漫长的路恰恰是从远方行至故乡。

这次演出前，我又去了一趟云梦山。
十九年前，我曾站在那里望向远方；十九年后，再站在那里，眼前还是那片海，心里已经没 展开c",58286,15578,23878,0.134619,0.134066,0.335899,0.838027,0.259879,1,0.134578,10.973134362911225,9.653679132512428,10.080754690582811
wb_0165,"早上好
今天是广岛“平和”纪念日
81年前的这一天这里的人们度过了心态平和的一天
同时也是日本这个容易失忆的国家忽然集体想起来自己还打过仗的一天。
今天的x上全都是“不要忘记历史”和“珍惜和平”，真的是非常有趣的风景。
#海外新鲜事##广岛原子弹爆炸纪念日#",1529,126,211,0.084595,0.08479,0.251198,0.816955,0.311626,5,0.080763,7.333023014386481,4.844187086458591,5.356586274672012
wb_0166,回想节目里那一个月的相处，就像是一场漫长却又美好的奔赴。第一眼看见在钢琴前弹琴的你，就注定成了我这段旅程里最特别的风景。虽然中间兜兜转转绕过了不少弯路，那些错过的节奏与纠结的瞬间，如今看来都成了我们靠近彼此的铺垫。现在的我们，不再犹豫，也不再迟疑，就像大家看到的那样，热烈而坚定。 展开c,98814,11077,2022,0.160768,0.159967,0.361999,0.844727,0.094774,1,0.160759,11.501004694074537,9.31271643859305,7.612336837167746
wb_0167,一组风景iPad平板壁纸🌳,382,21,65,0.023022,0.022991,0.147137,0.744312,0.056143,1,0.02302,5.948034989180646,3.091042453358316,4.189654742026425
wb_0168,📍一路黔行#奇遇一夏#,15355,10787,10342,0.019039,0.018699,0.130979,0.677696,0.43398,1,0.019022,9.639261556120688,9.28618968425962,9.244065241377804
wb_0169,一点夏天的记忆#奇遇一夏#,3984,1418,1222,0.121858,0.121452,0.323354,0.827336,0.555932,1,0.121858,8.290292591224315,7.257707677160043,7.109062135687172
wb_0170,像壁纸一样～☁️#遇见美好# 2瑞士·因特拉肯，瑞士,3084,109,5,2e-05,0.010878,0.032705,0.883664,0.847601,2,1.5e-05,8.034306936339489,4.700480365792417,1.791759469228055
wb_0171,“手机风景壁纸”已送达，大家早安呀,480,146,116,0.000437,0.003201,0.020601,0.80952,0.498166,6,0.000117,6.175867270105761,4.990432586778736,4.762173934797756
wb_0172,晚安超话晚霞如火焰般燃烧在天边，给傍晚的天空绘上一抹妖娆的色彩,771,2048,6,0.002477,0.025372,0.06,0.895279,0.27185,4,0.000733,6.648984550024776,7.6251071482389,1.9459101490553128
wb_0173,“手机风景壁纸”已送达，大家早安呀,432,122,106,5.2e-05,0.00083,0.013656,0.700728,0.700302,3,2.8e-05,6.07073772800249,4.812184355372417,4.672828834461906
wb_0174,“手机风景壁纸”已送达，大家早安呀！,433,110,90,0.009062,0.008859,0.089103,0.63457,0.446731,1,0.00903,6.073044534100405,4.709530201312334,4.51085950651685
wb_0175,国产动画不断进步的同时能不能给人山人海的建模脸想个办法，这是何仙姑是鲁公女是小青是殷夫人呢 2北京,66153,1619,9581,0.575325,0.573797,0.485149,0.955477,0.073978,2,0.575026,11.099740636346844,7.390181428226429,9.167641617443069
wb_0176,小胖DH超话#小胖的巴黎夏日记##时差3巴黎不断更# 明信片来了🍗看了很多风景,7892,507,74,0.160085,0.15688,0.311821,0.871541,0.141732,4,0.149653,8.973731569708402,6.230481447578482,4.31748811353631
wb_0177,看看好风景，等待#周峻炜全原创专辑光与盐# ！#生活津津有炜#,9166,5801,14121,0.0077,0.007848,0.079255,0.608236,0.19802,3,0.003795,9.123365357961776,8.665957964681349,9.555489144076292
wb_0178,真的好玩！也是真的晕😷但是这个风景真的是值得！等我vlog！,1718,638,21,0.027922,0.02789,0.159172,0.711442,0.366577,5,0.018449,7.449498005382849,6.459904454377535,3.091042453358316
wb_0179,"记录一下好天气和风景，以及终于拼完了这个超帅的车，拼完才发现今年的8月马上要来了嘿嘿

#朔时迟那时快#",33601,12126,29597,0.466389,0.465536,0.485645,0.940244,0.219046,3,0.464566,10.422340867989348,9.403189650656792,10.295462070461792
wb_0180,"最近可能真的很多人都有人际关系的问题，或者人生出现了短暂的迷茫，短时间之内都跑来找我探讨人生的真谛。

无非就是——觉得自己的生活毫无意义，每天混吃等死，觉得我这样的生活才有意义。

哈？？？人生最好的状态不就是混吃等死吗

每天闲得蛋疼，连门口那棵树的树叶有多少片都能数清楚的 展开c",615,549,11,0.213995,0.212369,0.397882,0.881894,0.167793,2,0.208703,6.423246963533519,6.309918278226516,2.4849066497880004
wb_0181,分享#plog#,57572,57363,222599,0.081921,0.081588,0.268945,0.791299,0.390542,1,0.081829,10.960808986786358,10.957172207849103,12.313131717823582
wb_0182,陈靖可超话 就聊一下下,1476,1038,60,0.081551,0.080819,0.256401,0.804633,0.382229,2,0.07853,7.29776828253138,6.946013991099227,4.110873864173311
wb_0183,赛里木湖，真把人恶心到了，多美的风景啊，不是属于国家的吗？,1454,282,21,0.023773,0.023676,0.146518,0.697788,0.689555,3,0.016164,7.282761179605593,5.645446897643238,3.091042453358316
wb_0184,"张婧仪超话 📷 #仪些新鲜事#

收获盛夏治愈，记录镜头里的美好风景。
———小张@张婧仪 的工作碎片持续放送中☀️",32345,1571,3708,0.161975,0.16132,0.363336,0.852653,0.320172,1,0.161934,10.384245644679725,7.360103972989152,8.21851757748959
wb_0185,我和我眼中的世界🎞️,2702,47,55,0.124348,0.123637,0.325267,0.878323,0.571666,1,0.124348,7.902117546276448,3.871201010907891,4.02535169073515
wb_0186,哇哦,439,57,1,0.275509,0.27098,0.429086,0.897663,0.00756,3,0.139583,6.0867747269123065,4.060443010546419,0.6931471805599453
wb_0187,超爱的山川湖海风景壁纸⛰️,1491,67,87,0.005242,0.008534,0.063986,0.712231,0.097389,4,0.003673,7.307872780763706,4.219507705176107,4.477336814478207
wb_0188,"1️⃣：玉米贝果打卡🌽🥯脆脆的玉米嘎嘣嘎嘣
2️⃣：在上海和比奇堡的居民们合影了！✌🏻
3️⃣：人们在看风景的时候也成为了风景💙
4️⃣：最近奇奇怪怪可可爱爱的涂鸦✍️
（出差回来袖子替我吃了第一口麻辣烫
#奇遇一夏##西西晗今量#",33006,54046,52530,0.230862,0.230722,0.403777,0.886675,0.17736,2,0.136192,10.404474939166215,10.897609317364129,10.86915875050772
wb_0189,【#九寨沟通报泥石流险情#】#九寨沟滞留游客正有序撤离# 九寨沟风景名胜区管理局通报：7月26日15时50分，九寨沟景区局部受短时强降雨引发泥石流，造成景区内部分道路交通受阻。灾害发生后，九寨沟管理局第一时间启动二级防汛及地质灾害应急响应，联合九寨沟县有关单位，阿坝大九旅集团九寨沟旅游分公司 展开c,1191,299,120,0.27471,0.268908,0.386684,0.911075,0.360263,6,0.198016,7.083387847625295,5.703782474656201,4.795790545596741
wb_0190,晚安超话满天的星辰，就像你的梦境一样美丽。晚安,602,1727,4,0.023411,0.022887,0.139669,0.702827,0.423952,2,0.013396,6.401917196727186,7.454719949364001,1.6094379124341005
wb_0191,"权志龙超话🎂#权志龙0818生日快乐#
【龙吧｜HAPPY G-DRAGON DAY 权志龙2026首尔生日应援】第一弹---711便利店全国屏＆首尔地铁3号线全线车内电视屏📺

你看
风在站台停了一秒
便利店的风铃也停了一秒
它们都在等
等一个途径的你
等我们把摇晃的日子
过成并肩的风景
@GDRAGON_OFFICIAL

711便 展开c",515,46,60,0.003681,0.003595,0.04998,0.563697,0.595874,1,0.003619,6.246106765481563,3.8501476017100575,4.110873864173311
wb_0192,"感谢你们让我们见证了最美的风景🪄

#RCWIN##第五人格8arty##第五人格IJL#",2488,153,255,0.125099,0.124369,0.324419,0.849583,0.21716,1,0.12509,7.819636302367592,5.0369526024136295,5.545177444479562
wb_0193,“手机风景壁纸”已送达，大家早安呀,501,122,134,0.040825,0.040584,0.193992,0.748404,0.318731,1,0.040789,6.218600119691729,4.812184355372417,4.90527477843843
wb_0194,☁️#顺流而上#,24085,7162,10158,3.1e-05,0.001674,0.006666,0.848467,0.331112,0,0.0,10.089386037820423,8.876684166614451,9.226115291091546
wb_0195,"最新视频的灵感是我前段时间坐高铁的时候，看着车窗外风景变换的样子想到的。

尤其是图2的这一堆输电铁塔，我从没看到过这么多铁塔密集扎堆在一起，长得好像都一样，又好像有点不一样……

对了！那就干脆来做个找不同游戏吧，然后我再自己玩一次录成视频……

☝🏻🤓点子不错，这就 展开c",4133,155,11,0.000428,0.000652,0.017323,0.477248,0.751131,1,2.9e-05,8.327000740241713,5.049856007249537,2.4849066497880004
wb_0196,舒服,13021,873,17,2.1e-05,0.001492,0.008056,0.783469,0.995112,0,0.0,9.474395513796807,6.773080375655535,2.8903717578961645
wb_0197,"王阳超话 这是@王阳0313 第三次和少年们相聚在后陡门，正午的阳光落在田垄上，照见重逢里踏实的熟悉和默契。聊起三年来这里发生的变化，田地有了新的模样，曾经的设想逐渐成为眼前的风景。前一晚在勤天小镇散步时，阳哥真切用脚步丈量着这里的变化，感慨“真的做大做强啊！”。

那天暑气蒸腾，阳 展开c",6223,254,113,0.210735,0.210125,0.402326,0.873106,0.312506,1,0.210671,8.736168065858228,5.541263545158426,4.736198448394496
wb_0198,分享图片,22401,10422,10141,0.227691,0.226888,0.415242,0.878555,0.326133,1,0.227668,10.016905519571685,9.251770181739325,9.224440496354964
wb_0199,“手机风景壁纸”已送达，大家早安呀！,418,114,134,0.003474,0.003487,0.052628,0.575398,0.378522,2,0.002593,6.037870919922137,4.74493212836325,4.90527477843843
wb_0200,"大连的夏日海岸🌊
海风漫过礁石，海鸥悬在海面
不必追赶时间，慢慢的你会发现
夏天最好的模样，都藏在这片渤海湾里。🌊
#生活有星意##大连#",890,219,43,0.252049,0.250906,0.428924,0.916653,0.212865,3,0.251901,6.792344427470809,5.393627546352362,3.784189633918261
wb_0201,"于适yosh超话

歌声将起，镜头就位，凡你所见，皆成诗篇。
@于适工作室  联合@微博明星 @微博音乐 @微博演出 共同发起「一起把适诗拍成电影」共创计划。

无论是推门出发的片刻、列车掠过的风景，还是等待重逢、抵达现场的瞬间，都是这场上海之约最真实的注脚。当不同城市、不同生活里的画面彼此 展开c",19957,1684,1008,0.002847,0.003523,0.045356,0.622103,0.402874,3,0.001926,9.901385344444256,7.429520842786462,6.9167150203536085
wb_0202,能比吗？？？,167,18,1,0.197955,0.197172,0.394166,0.869145,0.36314,1,0.197921,5.123963979403259,2.9444389791664403,0.6931471805599453
wb_0203,"【#世界杯阿根廷埃及主裁收超6000条威胁#】据西媒《加泰罗尼亚晨报》报道，世界杯期间国际警察合作中心（ IPCC）的报告显示，法国主裁莱特西耶个人WhatsApp上收到了六千条威胁信息，家庭住址也被曝光。

在世界杯期间，除了梅西和C罗受到最多的威胁和骚扰多名球员也因在比赛中的失误或一些事件而遭到针 展开c",54,29,10,0.118564,0.117839,0.316464,0.819887,0.047451,1,0.118509,4.007333185232471,3.4011973816621555,2.3978952727983707
wb_0204,"【决战婷公/妹之巅-双料冠军-梅西】
激动的心，颤抖的手！让我们恭喜梅西同时斩获婷妹杯冠军🏆和婷公杯冠军🏆

别人还在思考公妹时，他选择包揽，这就是球王的格局——不做选择，全部拿下👊

🥵他，是天神，爸爸，世一男，教父，国王
也是妹妹，妈妈，珍宝珠，小熊软糖，最佳训犬师

球王不做1 展开c",448,64,163,0.241567,0.255371,0.372712,0.915197,0.281301,6,0.190339,6.107022887742255,4.174387269895637,5.099866427824199
wb_0205,"恐怖数据！梅西目前生涯1166场比赛，打进了921球，并送出了419次助攻，生涯总制造进球达到1340球，场均制造1.15球！🐐

梅西超话#迈阿密国际vs圣路易斯#",311,11,13,0.485506,0.484121,0.481529,0.944384,0.03237,4,0.479654,5.7430031878094825,2.4849066497880004,2.6390573296152584
wb_0206,30046【投稿】非cp向，就是给新粉回忆一下3年前自己深呼吸做完心理建设才敢拍肩膀鼓励队友的可爱社恐小梅,479,19,7,0.216832,0.215993,0.406895,0.87201,0.117738,1,0.216801,6.173786103901937,2.995732273553991,2.079441541679836
wb_0207,"30017【投稿】考古到一个很萌的困困梅团，以前的梅粉还给梅团p上了一系列心理活动，非常之可爱🥺🥺

（ps：当时的梅粉和瓜帅都很心疼很心疼累坏了的小梅来着，大家完全养小孩心理）",270,14,8,0.13963,0.137035,0.328634,0.855522,0.096469,7,0.053375,5.602118820879701,2.70805020110221,2.19722457733622
wb_0208,"谁又能想到会有这样一天呢

梅西超话#迈阿密国际vs圣路易斯#",138,8,5,0.326165,0.32483,0.459569,0.92675,0.061901,1,0.32616,4.934473933130692,2.19722457733622,1.791759469228055
wb_0209,"30043【投稿】Rodri在迈阿密的夏天💌
Hi~亲爱的东方朋友们，依然是一到晚上就来念叨两句的我，睡了吗？👋
怎么了小家伙们，我看评论区这两天气压似乎有点低啊，甚至有人说活动结束了好像这个夏天也结束了，喂！你们那夏天那么短吗？
迈阿密的夏天可远远没有结束

伙计们，今天我们又跟历史最佳的Le 展开c",729,50,12,0.28187,0.280739,0.439665,0.897925,0.064453,2,0.187506,6.593044534142437,3.9318256327243257,2.5649493574615367
wb_0210,30052【投稿】看到墙喝梅水那条想起了这张共享马黛茶,382,14,5,0.261183,0.260189,0.434518,0.884554,0.479262,1,0.261173,5.948034989180646,2.70805020110221,1.791759469228055
wb_0211,"依旧今编梅

#C罗再次回应女友身材评论#",295,26,4,0.378392,0.376607,0.465597,0.926089,0.120156,5,0.225408,5.69035945432406,3.295836866004329,1.6094379124341005
wb_0212,"1637【求代购】
#婷人饭堂#",198,21,13,0.012722,0.012938,0.101584,0.677895,0.279282,3,0.007765,5.293304824724492,3.091042453358316,2.6390573296152584
wb_0213,"直播吧看到了条关于决赛前的新闻（O网页链接），那赛前传闻中恩佐和利马的落泪也就说得通、排除阴谋论了。决赛前队伍的疲惫、甚至后卫直接伤退都是意料之中的，更别提48队相比老赛制还多踢了一轮淘汰赛，如果全队拿出踢英格兰的状态，踢西班牙是绝对有的踢的。

归根结底还是核心梅西老了4 展开c",80,12,14,0.280931,0.277088,0.429779,0.909406,0.254835,6,0.138385,4.394449154672439,2.5649493574615367,2.70805020110221
wb_0214,"阿根廷球迷俱乐部超话 记者伦佐-潘契奇在节目中爆料：在2026年美加墨世界杯决赛（阿根廷对阵西班牙）前，阿根廷队内传出有3名绝对主力（包括中后卫利桑德罗·马丁内斯和罗梅罗、还有一名中场球员）在赛前热身时突发肌肉拉伤。

阿根廷赛前例行热身中，有3名后防核心球员遭遇身体状况警报，出现肌肉 展开c",179,25,4,0.127679,0.127078,0.327821,0.832311,0.167909,1,0.127639,5.19295685089021,3.258096538021482,1.6094379124341005
wb_0215,"梅西超话
看到德宝vs看到胖虎
（清晰的喜爱vs惊恐到模糊）
#迈阿密国际4比2圣路易斯##梅西能有多可爱#",472,30,13,0.263418,0.263907,0.426355,0.893578,0.095941,5,0.116806,6.159095388491933,3.4339872044851463,2.6390573296152584
wb_0216,"这个卡塞米，我都不想说，他有半点心思放在踢球上吗他赛前吸小羊赛中吸小羊赛后还吸小羊

怎么切换的那么自然？亲亲抱抱的p1给小梅吓一跳都应激了，胖虎：抱抱我梅 梅西：抱摔？（还好还好~一伙了，没有飞出去😌

p2都抱完了转头看见德保罗跟梅 展开c",1736,120,59,0.178723,0.177207,0.376634,0.855664,0.161946,1,0.178646,7.459914766241105,4.795790545596741,4.0943445622221
wb_0217,"半场梅西评分：梅西甚至在左边底线附近进行防守，能攻善守！

#迈阿密国际vs圣路易斯竞技#梅西超话",831,27,82,0.399592,0.397297,0.47633,0.925551,0.401146,2,0.399215,6.723832440821209,3.332204510175204,4.418840607796598
wb_0218,梅西一场比赛评分螺哥可以踢两场，不划算，拉！,252,13,2,0.233166,0.232995,0.417403,0.886213,0.376125,4,0.228915,5.53338948872752,2.6390573296152584,1.0986122886681098
wb_0219,"不可思议！
#梅西#",1186,165,20,0.187012,0.186475,0.383701,0.862982,0.405492,1,0.187,7.079184394609668,5.111987788356544,3.044522437723423
wb_0220,Ataque Futbolero｜这张照片距今五年了。画面中，梅西因情绪激动而无法开口发表告别巴萨的演说。前排的儿子蒂亚戈看着父亲在效力一生的俱乐部度过的最后一天里如此伤心，也不禁潸然泪下。这一幕……当真令人心碎…… 💔🥺,1657,34,167,0.081268,0.080951,0.262596,0.799322,0.356711,3,0.062902,7.41336733569524,3.555348061489413,5.123963979403259
wb_0221,"14球！北美联赛杯历史射手王！

截止目前，梅西在北美联赛杯中共计打进14球，成为北美联赛杯历史上进球最多的球员！！

#迈阿密国际vs圣路易斯竞技#梅西超话",1199,40,97,0.352519,0.350878,0.470949,0.914721,0.22695,1,0.352469,7.090076835776092,3.713572066704308,4.584967478670572
wb_0222,不仅把梅西的成绩换头到螺哥身上，还把C罗犯的罪换头到梅西身上，你们真的喜欢C罗吗？,599,32,4,0.239088,0.23655,0.414934,0.906975,0.164992,1,0.239086,6.396929655216146,3.49650756146648,1.6094379124341005
wb_0223,"梅西生涯最新数据：921粒进球、419次助攻！

#迈阿密国际vs圣路易斯竞技#梅西超话",737,28,43,0.548347,0.543802,0.489055,0.951151,0.095785,1,0.54825,6.6039438246004725,3.367295829986474,3.784189633918261
wb_0224,"29974【投稿】上不了热搜的Rodri💌
Hi~亲爱的东方朋友们，依然是一到晚上就缠上来的我，睡了吗👋
这两天我们的罗萨里奥好领居Leo又去干好人好事了，不过我没搞懂那些西班牙人，小不点不是在自掏腰包的帮他们吗？他们在用泥巴扔拯救自己的人吗？
真是不可思议，他们愤怒的让我觉得就算小不点亲自去 展开c",790,40,17,0.330188,0.328242,0.462851,0.907771,0.330066,1,0.330188,6.673297967767654,3.713572066704308,2.8903717578961645
wb_0225,全场比赛结束，梅西两射一传，#迈阿密国际4比2圣路易斯#大家有什么想说的！,149,18,3,0.315201,0.313873,0.453619,0.908675,0.173875,1,0.315031,5.010635294096256,2.9444389791664403,1.3862943611198906
wb_0226,29996【投稿】梅仅有的369个关注竟然有三个是牙牙开的餐厅….真的很爱了,510,15,7,0.003963,0.004482,0.054202,0.619702,0.666496,5,0.001781,6.236369590203704,2.772588722239781,2.079441541679836
wb_0227,"本场比赛最佳球员：梅西！

#迈阿密国际vs圣路易斯竞技#梅西超话",532,17,21,0.282358,0.2809,0.44256,0.896851,0.324231,1,0.282309,6.278521424165844,2.8903717578961645,3.091042453358316
wb_0228,"安妞更新ins｜🧉🌊📚☀️
梅西超话",604,35,30,0.060681,0.060533,0.234486,0.796319,0.153886,1,0.060662,6.405228458030842,3.58351893845611,3.4339872044851463
wb_0229,"半场比赛结束，迈阿密国际暂时4-1领先圣路易斯竞技，梅西2射1传，艾伦助攻帽子戏法，塞戈维亚和米卡埃尔各进1球！

#迈阿密国际vs圣路易斯竞技#迈阿密国际超话",414,17,14,0.416029,0.414046,0.482653,0.925157,0.08852,1,0.415956,6.028278520230698,2.8903717578961645,2.70805020110221
wb_0230,"Sofascore给梅西本场比赛评分满分10分✨

梅西本场踢满全场，2球1助。5次射门3次射正1次中框，1次成功过人，1次关键传球。47次触球，传球成功率90.3%👍

梅西超话#迈阿密国际vs圣路易斯#",287,11,11,0.859335,0.847109,0.331679,0.98933,0.081577,1,0.85933,5.662960480135946,2.4849066497880004,2.4849066497880004
wb_0231,"据统计，梅西39岁42天，第1166场解锁920球，为历史最快最年轻。

梅西超话#迈阿密国际vs圣路易斯城#",388,19,15,0.708698,0.70489,0.448127,0.971969,0.206619,2,0.707957,5.963579343618446,2.995732273553991,2.772588722239781
wb_0232,"1612【818】
Kuni黑叉上的那些趣事(含玫瑰)",237,7,31,0.116366,0.115836,0.314796,0.811783,0.321984,1,0.116299,5.472270673671475,2.079441541679836,3.4657359027997265
wb_0233,"2026年對梅西而言是極其出色的一年。他在49場比賽中貢獻45個進球和30次助攻，率領邁阿密國際隊奪得了隊史首座美職聯（MLS）總冠軍，並榮膺總決賽MVP。此外，梅西還隨隊獲得了世界盃亞軍。

#我們都愛梅西#",245,24,1,0.1439,0.143436,0.345831,0.84188,0.341327,1,0.143872,5.5053315359323625,3.218875824868201,0.6931471805599453
wb_0234,"球王做公益真是从来都不营销🐐

梅西超话",292,11,17,0.055788,0.059487,0.210045,0.801372,0.27835,5,0.039763,5.680172609017068,2.4849066497880004,2.8903717578961645
wb_0235,"SC｜看到你这么开心……

没什么大不了的！🥹

梅西超话",382,9,13,0.321387,0.320111,0.460033,0.921688,0.125204,1,0.321381,5.948034989180646,2.302585092994046,2.6390573296152584
wb_0236,"卡塞米罗分边，艾伦助攻梅西破门扳平比分！！！！
梅西超话#迈阿密国际vs圣路易斯竞技#",143,10,41,0.001149,0.001252,0.029117,0.489799,0.231212,4,0.000553,4.969813299576001,2.3978952727983707,3.737669618283368
wb_0237,"仅仅凭团队荣誉，克罗斯真的比梅西更成功吗？

这张对比图颇具深意。尽管大众普遍视梅西为足球历史的“天花板”，但若单纯审视冠军数量：

克罗斯：6座欧冠、5座欧超杯、1座世界杯、6座世俱杯；
梅西：4座欧冠、3座欧超杯、1座世界杯、3座世俱杯。
数据客观冷峻，却引出了核心争议：
衡量历史地位，究 展开c",366,194,5,0.250267,0.249007,0.426495,0.886388,0.385349,1,0.25021,5.905361848054571,5.272999558563747,1.791759469228055
wb_0238,"德保罗这是给梅西说了啥好笑的事？

#迈阿密国际vs圣路易斯竞技#梅西超话",196,8,10,0.274504,0.27354,0.441466,0.890014,0.362814,1,0.274422,5.2832037287379885,2.19722457733622,2.3978952727983707
wb_0239,"#梅德韦杰夫蒙特利尔出局# 补了个觉起来，梅总也走了，3-6/6-7(5)输给了范大厨。梅西再次双双回家

梅西在蒙特利尔/多伦多的情缘——

同步篇⬇️

西：2018决赛输给纳达尔
梅：2019决赛输给纳达尔

西：2022第二轮梦游出局
梅：2022第二轮梦游出局

西：2023输网坛知名眷侣孟菲尔斯
梅：2023输 展开c",290,22,5,0.642901,0.639902,0.470506,0.964452,0.214861,1,0.642877,5.673323267171493,3.1354942159291497,1.791759469228055
wb_0240,"又来是吧

阿根廷球迷俱乐部超话",208,31,5,0.150954,0.148577,0.345516,0.858594,0.60181,2,0.150725,5.342334251964811,3.4657359027997265,1.791759469228055
wb_0241,29998【投稿】磕一口这个格梅,400,19,1,0.169281,0.170755,0.35835,0.867965,0.257284,1,0.168977,5.993961427306569,2.995732273553991,0.6931471805599453
wb_0242,这个迈阿密粉箱子刚好拿来放梅努萌化了,174,28,2,0.339589,0.338271,0.467661,0.911942,0.261225,1,0.339549,5.1647859739235145,3.367295829986474,1.0986122886681098
wb_0243,"怎么做到每句话都不像人说的

#切尔西vs尤文图斯#",440,43,8,0.739604,0.739744,0.41402,0.977654,0.038757,5,0.262821,6.089044875446846,3.784189633918261,2.19722457733622
wb_0244,2008年8月6日，我和@可ke达鸭 启程去看奥运了。我这个宝贝老妹那年高三毕业，刚过18岁生日，就去现场看到了梅西，里克尔梅，阿圭罗，迪玛利亚，加戈等等一代黄金国奥的球员，又一个18年过去了，她还是宛若少女，也是人生赢家了,49,14,2,0.255123,0.252586,0.426139,0.886569,0.213736,1,0.255077,3.912023005428146,2.70805020110221,1.0986122886681098
wb_0245,"梅西是為中國慈善做得最多的足球員。

#梅西是個好人#
#我們都愛梅西#",84,10,5,0.316009,0.31361,0.452802,0.9033,0.013031,1,0.315917,4.442651256490317,2.3978952727983707,1.791759469228055
wb_0246,"C罗冲击千球历史第一人的王座，这回真可能要被梅西后来居上了！

从7月份到现在，梅西的状态堪称火热：在世界杯与俱乐部的双线作战中，他一共出战了10场比赛（其中2场替补），狂轰10球，生涯总进球数已经来到了921球。反观C罗这边，同期的进球效率明显放缓，仅斩获3球，总进球数停留在976球。

目前两 展开c",57,10,4,0.189102,0.184885,0.369984,0.870825,0.111795,2,0.188757,4.060443010546419,2.3978952727983707,1.6094379124341005
wb_0247,"足球一年内进球数超过50个的球员：
第一名：莱昂内尔·梅西（9次）
第二名：克里斯蒂亚诺·罗纳尔多（7次）
第三名：基利安·姆巴佩（4次）
第四名：罗伯特·莱万多夫斯基（3次）
第五名：哈里·凯恩（3次）
第六名：埃尔林·哈兰德（2次）
足球一年能进球超过50个，真的是很厉害了，能多次达到都是顶级的球 展开c",33,37,8,0.011883,0.011504,0.094925,0.657159,0.613921,2,0.009037,3.5263605246161616,3.6375861597263857,2.19722457733622
wb_0248,"卡塞米罗盛赞梅西在圣路易斯之战中的两球一助：“与莱奥交手多年，我深知防守他的绝望；如今并肩作战，更惊叹于他化繁为简的魔力。
他总能以传球、盘带或射门一锤定音，通过吸引防守为队友创造空间，让比赛变得轻松。
甚至有时我会沉醉于他的表演而忘记身处赛场。
无论是作为对手还是队友，我都深刻理 展开c",83,14,6,0.326236,0.324843,0.459652,0.926087,0.061687,1,0.326232,4.430816798843313,2.70805020110221,1.9459101490553128
wb_0249,"1628【】
CD30的蓝白相关制品，摊位在八号馆足球同人街道I21，摊位名：都是嗑CP害了我。 欢迎各位婷人来吃！",42,10,2,0.083498,0.083064,0.271876,0.811337,0.221602,2,0.047009,3.7612001156935615,2.3978952727983707,1.0986122886681098
wb_0250,"时间我的imei很多啊
给你们分享一波小梅福利
getty一出手就是神图🔥🥵

@玉玊则不汏 头像库有了
小梅梦嬷妈的素材也有了 不用客气

#小梅团子# #咩西# #妹喜#",69,20,2,0.341863,0.340697,0.469822,0.908605,0.351034,1,0.341845,4.248495242049359,3.044522437723423,1.0986122886681098
wb_0251,"他来啦
梅西抵达球场！！",116,8,5,0.300113,0.298822,0.448555,0.904253,0.034494,2,0.162032,4.762173934797756,2.19722457733622,1.791759469228055
wb_0252,2024夏 无法被原谅的C罗空档记,251,13,3,0.253439,0.252316,0.4251,0.906243,0.109101,1,0.253425,5.529429087511423,2.6390573296152584,1.3862943611198906
wb_0253,为啥这场能这么美啊，美到有种伪面感了,185,12,18,0.480157,0.477562,0.492755,0.934985,0.006746,1,0.480063,5.225746673713202,2.5649493574615367,2.9444389791664403
wb_0254,"#没见过的C罗照片#
young 📸 Ronnie
@CristianoRonaldo
𝑪𝒓𝒊𝒔𝒕𝒊𝒂𝒏𝒐𝑹𝒐𝒏𝒂𝒍𝒅𝒐
#C罗日常##C罗# 专栏 · C罗时刻❷",390,24,14,0.381143,0.379779,0.479581,0.921347,0.053031,2,0.380929,5.968707559985366,3.218875824868201,2.70805020110221
wb_0255,"薛老师脱光了在那边跟我聊天
结果突然站成了一个A字型
两只手支棱着在大腿两遍

我：你干嘛？

他：我在C罗站姿

然后跟我讲了一大篇C罗的事情
我：真想给你拍下来，但你全果着不太好拍

他：他好像明天就结婚了，但是没请我
我：请你干啥",219,26,1,0.03285,0.032852,0.173846,0.722912,0.113911,1,0.032591,5.393627546352362,3.295836866004329,0.6931471805599453
wb_0256,"#王晨策#
王cc干掉了c罗，干掉了姆巴佩，特朗普都得往后稍一稍，稳坐热sou第一",329,31,1,0.009338,0.0107,0.077413,0.701373,0.658841,8,0.004405,5.799092654460526,3.4657359027997265,0.6931471805599453
wb_0257,Whatever floats your boat🤭,455,58,2,0.185771,0.182752,0.377422,0.862777,0.238975,4,0.099667,6.1224928095143865,4.07753744390572,1.0986122886681098
wb_0258,"#C罗##C罗日常#
晚安𝑮𝒐𝒐𝒅𝑵𝒊𝒈𝒉𝒕
@CristianoRonaldo
𝑪𝒓𝒊𝒔𝒕𝒊𝒂𝒏𝒐𝑹𝒐𝒏𝒂𝒍𝒅𝒐
#C罗盛赞乔治娜# 专栏 · C罗时刻❷",198,10,8,0.280452,0.279374,0.444321,0.893302,0.11223,1,0.280039,5.293304824724492,2.3978952727983707,2.19722457733622
wb_0259,"“迪巴拉的正宫地位正在遭受着严峻的考验”“想要跟总裁成为能够共进出的训练伴侣”

们呆梨媒体说话没轻没重的",120,7,6,0.225813,0.224597,0.411444,0.879988,0.13139,1,0.225787,4.795790545596741,2.079441541679836,1.9459101490553128
wb_0260,一起吃个小点心也要the 🌞 of my life,64,8,1,0.244893,0.24356,0.423299,0.886329,0.135904,1,0.244846,4.174387269895637,2.19722457733622,0.6931471805599453
wb_0261,"C罗超话

刷到有人科普了老姐车库里的豪车 个顶个的顶级收藏啊🤲🏻😼然鹅这些都只是老姐的大玩具而已

1. Bugatti Centodieci（最稀有）
• 产量：全球仅10辆
• 原厂价：约900万美元（€800万左右）
• 目前市值：1000万美元+（几乎不公开交易，私售为主）
• 获取方式： 展开c",757,21,75,0.158731,0.159864,0.351804,0.856283,0.47015,6,0.155307,6.630683385642372,3.091042453358316,4.330733340286331
wb_0262,"现在是外部消息，哟粉，扩散！

#C罗晒豪车收藏#",702,74,14,0.309698,0.307442,0.434734,0.915842,0.090556,1,0.309385,6.555356891810665,4.31748811353631,2.70805020110221
wb_0263,"【#C罗盛赞乔治娜#】#C罗称女友是世界上最好的女人#巴西电视主持人Márcia Goldschmidt社媒发视频谈及乔治娜的身材，她称赞乔治娜是“真实的女人”，C罗评论“我爱世界上最好的女人”。

女主持在视频中说：“乔治娜毁掉了一个价值十亿美元的市场。我不该这么说，但我还是忍不住要说。她毁了一切。人 展开c",248,23,15,0.346596,0.34808,0.431558,0.923039,0.425266,7,0.342415,5.517452896464707,3.1780538303479458,2.772588722239781
wb_0264,"#C罗晒豪车收藏#
很多人喜欢在家弄个模型柜收藏车模
对C罗来说买图里这些实车就跟我们买车模一样
其实某种程度上我能体会C罗的快乐 弄一屋子牛逼玩意但爽不过三秒
就得冲兄弟们喊喜欢您来",173,30,1,0.047795,0.047592,0.208222,0.752933,0.119523,1,0.047778,5.159055299214529,3.4339872044851463,0.6931471805599453
wb_0265,"刷到埃夫拉和南哥最近都有提到回忆爵爷当年在更衣室有多吹风机多么说一不二冷酷无情严苛，甚至对基恩也毫不留情…又回顾了一下爵爷对我家耀祖宝宝完全不是这样的嘞这样哄孩子的歌爵爷一直对小小在唱～

C罗超话",610,24,51,0.216597,0.21457,0.367691,0.898487,0.197088,3,0.210329,6.415096959171596,3.218875824868201,3.951243718581428
wb_0266,"王秘书的人生高光时刻
名字和C罗 姆巴佩在同一个页面里",494,26,2,0.175615,0.170482,0.361264,0.850262,0.555614,5,0.171627,6.20455776256869,3.295836866004329,1.0986122886681098
wb_0267,"#C罗再次回应女友身材评论#
巴西女主持玛西娅在社媒谈乔治娜被拍到橘皮组织一事，称赞她是“真实的女人”，感慨许多女性拼命追求无瑕外表，却忽略了真正持久的吸引力来自个性与灵魂。她还表示乔治娜“毁掉了十亿美元的完美形象市场”。C罗随即在评论区高调表白：“我爱世界上最好的女人🔥”，公开力 展开c",1906,120,365,0.357377,0.362103,0.440127,0.92486,0.421203,3,0.354407,7.553286605600419,4.795790545596741,5.902633333401366
wb_0268,"哟国好压抑

#C罗晒豪车收藏#",567,40,5,0.020023,0.019933,0.137487,0.68959,0.738746,1,0.019988,6.342121418721152,3.713572066704308,1.791759469228055
wb_0269,"《买了一堆嬷嬷🈺销》
《湖穿地心》

噢对对对@CristianoRonaldo 太湖了
C罗超话#C罗# 专栏 · imei ika素质大赏",289,27,7,0.015858,0.016099,0.121241,0.659215,0.804457,1,0.015494,5.66988092298052,3.332204510175204,2.079441541679836
wb_0270,"C罗超话

还有一张新的豪车&背影
后脑勺头发魂兮归来吧 我看了好想笑啊宝宝",206,13,9,0.035488,0.03495,0.176698,0.736936,0.088132,2,0.025782,5.332718793265369,2.6390573296152584,2.302585092994046
wb_0271,"#C罗##C罗日常#
🤍 利雅得胜利二客白，罗哥上身预览@CristianoRonaldo （图为世界杯定妆照球衣替换） 专栏 · C罗时刻❷",583,51,31,0.201278,0.200358,0.394675,0.870709,0.058755,1,0.201227,6.369900982828227,3.951243718581428,3.4657359027997265
wb_0272,"#C罗领跑足坛球星年薪榜#【足坛球星年薪榜：C罗2.119亿镑居首，萨拉赫1890万镑第32位】#C罗年薪2.119亿镑# 据直播吧，根据Capology网站（一个专门查询足球运动员和俱乐部薪资数据的网站）提供的数据，萨拉赫加盟特拉布宗体育后的薪资位居足坛第32位。

土耳其当地媒体报道指出，一份1460万镑的基础年薪 展开c",138,12,40,0.535607,0.53362,0.492616,0.949757,0.144167,1,0.535586,4.934473933130692,2.5649493574615367,3.713572066704308
wb_0273,"哦哦好喜欢这段话，弗格森真的好懂你罗……

你罗的欠债论最体现在他和足球上，既承神恩，便当以血肉之躯回报理应的完美。",264,10,39,6.5e-05,0.017465,0.029856,0.909404,0.973196,1,1.9e-05,5.579729825986222,2.3978952727983707,3.688879454113936
wb_0274,"鸡肉干反正都被开🈴+起诉了
干脆火力全开了呀 说点大实话刺痛谁了 专栏 · imei ika素质大赏",136,11,2,0.355275,0.344907,0.445193,0.921145,0.200792,2,0.250747,4.919980925828125,2.4849066497880004,1.0986122886681098
wb_0275,"LJJ 还真是天选罗(L)结(J)晶(J)
#C罗晒豪车收藏#",123,11,1,0.008099,0.008047,0.080854,0.599414,0.621234,1,0.008086,4.820281565605037,2.4849066497880004,0.6931471805599453
wb_0276,"#C罗##C罗日常#
🫧感觉好久没有发水的广子了
@CristianoRonaldo
#ursu9武熊矿# 专栏 · C罗时刻❷",375,18,15,0.319553,0.317835,0.458822,0.909493,0.33772,1,0.319514,5.929589143389895,2.9444389791664403,2.772588722239781
wb_0277,我记得当时这个采访螺友已经gc过一次了，而且原话是说觉得再给螺哥两个比较好，他觉得这样比较平衡，搞上中庸之道了,982,45,9,0.062087,0.061576,0.233007,0.785142,0.468137,1,0.062066,6.890609120147166,3.828641396489095,2.302585092994046
wb_0278,完全不能近景啊肉毒还得多打 专栏 · imei ika素质大赏,413,33,4,0.01839,0.018517,0.129887,0.67329,0.724469,2,0.013192,6.025865973825314,3.5263605246161616,1.6094379124341005
wb_0279,"以mini口吻发ig不要太萌…孤儿寡母那些年
老迷这么小 神情就已经如此沉稳",826,21,32,0.498848,0.500641,0.481133,0.948258,0.203435,2,0.318333,6.717804695023691,3.091042453358316,3.49650756146648
wb_0280,"为什么那么多人在批评C罗的未婚妻乔治娜的身材？她嫁的是C罗又不是网友，C罗都不介意，还几次三番发文力撑乔治娜的身材，怎么网友们倒嫌弃上了？

#c罗再次回应女友身材评论#",21,9,1,0.232878,0.232117,0.416368,0.884254,0.080254,2,0.232083,3.091042453358316,2.302585092994046,0.6931471805599453
wb_0281,"有的人可能会觉得明星炫耀自己的生活方式无可厚非，但我总觉得，C罗在社交媒体晒他的车库显得很古怪。
还不如把自己的一双球鞋赠送给巴勒斯坦难民小孩儿更让人喜欢，即使我们也都知道这是在“装”，那也别晒豪车要强很多。",112,29,4,0.059625,0.059392,0.232411,0.760763,0.369214,1,0.059598,4.727387818712341,3.4011973816621555,1.6094379124341005
wb_0282,"#C罗主题限定快闪店北京站#
🎥 每天店里都排起了长队
@CristianoRonaldo
𝑪𝒓𝒊𝒔𝒕𝒊𝒂𝒏𝒐𝑹𝒐𝒏𝒂𝒍𝒅𝒐
#C罗晒豪车收藏#
#C罗回应乔治娜身材#
2北京·北京apm
专栏 · C罗时刻❷",180,13,12,0.330484,0.327065,0.460309,0.911226,0.39995,1,0.330468,5.198497031265826,2.6390573296152584,2.5649493574615367
wb_0283,"#C罗##C罗日常#
🫧Ursu9上市的新包装，每个瓶身都将会有个罗纳尔多的肖像认证@CristianoRonaldo #ursu9武熊矿# 专栏 · C罗时刻❷",260,18,11,0.242785,0.240449,0.418998,0.876634,0.233729,3,0.146406,5.564520407322694,2.9444389791664403,2.4849066497880004
wb_0284,"你爹还是你爹！41岁C罗与16岁儿子同框秀肌肉，称“这才哪到哪”

日前，足坛巨星C罗在个人社交平台丢出一张“炸裂”合影，瞬间点燃球迷与网友的热情。画面中，C罗与16岁的大儿子迷你罗仅着黑色短裤，并肩而立，双双握拳曲臂，摆出标准的健美展示姿势。阳光下，父子二人的肌肉线条在光影中格外醒目，配 展开c",164,53,20,0.213883,0.212955,0.399955,0.876347,0.05704,1,0.213796,5.10594547390058,3.9889840465642745,3.044522437723423
wb_0285,"#C罗晒豪车收藏#
真心帅啊，给你1000w

选一台？",208,41,4,0.077598,0.080015,0.260833,0.79973,0.44134,2,0.075556,5.342334251964811,3.737669618283368,1.6094379124341005
wb_0286,至纯至善至真的少年罗清新的校园小说感扑面而来…,106,8,15,0.000173,0.008416,0.027122,0.876919,0.939016,1,6.7e-05,4.672828834461906,2.19722457733622,2.772588722239781
wb_0287,"乔治娜发长文回应身材争议，C罗回复：我的爱❤️来力挺乔治娜，梅西妻子安东尼奥也点赞为她鼓掌👏🏻。

原文如下↓：
我的身体会改变，就像所有女人的身体都会改变一样。我希望它能继续这样变化很多年，因为那意味着我还在继续活着。✨

我是6个了不起的孩子的母亲，其中3个是女孩，她们有一天会成 展开c",346,17,1,0.060955,0.060444,0.234449,0.777272,0.445487,1,0.060913,5.849324779946859,2.8903717578961645,0.6931471805599453
wb_0288,‼️这个雕塑🗿居然是马德拉机场更名仪式上的,143,13,10,0.60276,0.595009,0.474476,0.960913,0.075259,1,0.602722,4.969813299576001,2.6390573296152584,2.3978952727983707
wb_0289,"我的玩具们 🚀

My toys 🚀

C罗超话",9081,799,463,0.076713,0.07664,0.26208,0.790567,0.433751,1,0.076696,9.114049711657897,6.684611727667927,6.139884552226255
wb_0290,"#乔治娜担心被说胖C罗暖心安慰#【身材遭恶评！乔治娜担心被说胖，C罗：你不靠外表生活，你靠自己】#C罗告诉乔治娜你不靠外表生活# 直播吧08月05日讯 C罗未婚妻乔治娜社媒发布长文，回应近日网友对其身材的评论，她表示自己担心被说胖，但C罗告诉她：“你不是靠外表生活，你是靠你自己。”

乔治娜长文 展开c",2877,305,129,0.448396,0.434246,0.468518,0.934291,0.366148,2,0.402332,7.964850887447313,5.723585101952381,4.867534450455582
wb_0291,"#C罗晒豪车收藏#

C罗更新社媒晒出自己的豪车收藏：这都是我的玩具

各种限量款法拉利、布加迪，确实有品味
#C罗#",2315,262,279,0.076817,0.076588,0.262319,0.790187,0.433035,1,0.0768,7.747596838692885,5.572154032177765,5.634789603169249
wb_0292,"#C罗回应乔治娜身材# 乔治娜回怼身材争议：我的身体会改变，就像所有女性一样。她告诉了C罗，C罗说：
“你不是靠外表活着，你是靠你自己活着。你是一个完美的女人，美丽、有曲线，是一位母亲、一个善良的人，事业有成，也热爱生活，你还奢求什么呢？”这话连安东内拉也在评论区留了三个鼓掌的表情，在 展开c",2038,185,73,0.585264,0.581214,0.477565,0.958145,0.206742,1,0.585205,7.620214770574455,5.225746673713202,4.30406509320417
wb_0293,"C罗未婚妻乔治娜发布长文，回应近日网友对其身材的评论，她表示自己担心被说胖，但C罗告诉她：“你不是靠外表生活，你是靠你自己。” #C罗告诉乔治娜你不靠外表生活#

▪️乔治娜长文：
我的身体会发生变化，和所有女人的身体一样。我希望这种变化能持续很多年，因为那意味着我还活着。

我是六个了 展开c",365,74,20,0.115294,0.114612,0.314573,0.81089,0.289879,1,0.115256,5.902633333401366,4.31748811353631,3.044522437723423
wb_0294,"#C罗##C罗日常#
🛑 乔治娜ins发布长文疑似回击部分网暴以及对她身材变化的讨论，不过她提到了暖心的C罗对她的支持和安慰的言论@CristianoRonaldo

🛑 乔治娜：“这几天我看到了一些关于我在船上的照片的评论，五花八门。有人评论我的身材，也有人维护我……我和克里斯聊起这件事，我说：“我担心 展开c",568,19,19,0.782465,0.778948,0.404738,0.980947,0.006774,1,0.782461,6.343880434126331,2.995732273553991,2.995732273553991
wb_0295,"#C罗告诉乔治娜你不靠外表生活#
#C罗回应乔治娜身材#
乔治娜ig⬇️C罗真的是太好太好的人…

这些天我看到了各种关于我在游艇上的照片的评论。有些人对我的身材评头论足，也有些人站出来维护我……
我和克里斯聊了这件事，我告诉他：
“我很担心现在人们说我胖，因为我是靠形象吃饭的。”

然后他回答 展开c",2612,100,112,0.016617,0.017269,0.117835,0.70274,0.791863,6,0.008919,7.868254265520613,4.61512051684126,4.727387818712341
wb_0296,"#C罗晒豪车收藏#
卧槽卧槽卧槽卧槽我眼花了吗啊啊啊啊啊啊啊啊啊

老姐终于终于终于终于又玩香车美人这套了啊啊啊啊啊啊啊啊啊啊啊时隔多年终于开秀了以及居然穿了阔腿裤？？？？？？？

“My toys🚀”
！！！！


达洛特评论：好pose👀🤣

#C罗告诉乔治娜你不靠外表生活#",977,38,109,0.246147,0.245311,0.427815,0.887732,0.665597,1,0.246147,6.885509670034818,3.6635616461296463,4.700480365792417
wb_0297,有人发帖讨论金球奖应该给谁，C罗粉丝说给C罗，理由是C罗小🍠投票赢了,860,51,11,0.008857,0.008895,0.088308,0.630126,0.640807,3,0.005753,6.7580945044277305,3.951243718581428,2.4849066497880004
wb_0298,"92帅的粉丝们，这也要copy吗？

C罗超话 专栏 · imei ika素质大赏",1404,59,38,0.146668,0.146032,0.343028,0.842804,0.177941,2,0.102833,7.247792581767846,4.0943445622221,3.6635616461296463
wb_0299,"笑点过多
“梅嬷很多很多，他应该是最多的”
然后一看 收藏数没粉丝数多
想舞🍑也没几个路人买账
C罗“不让说”但是好嗑呀 专栏 · imei ika素质大赏",300,19,28,0.016838,0.016966,0.119961,0.685382,0.478653,7,0.004974,5.707110264748875,2.995732273553991,3.367295829986474
wb_0300,"C罗超话

度假结束了 飞回葡萄牙啦
还戴了baby蓝🤿咋这么萌",257,9,12,0.005385,0.005419,0.067285,0.592711,0.288117,3,0.002917,5.552959584921617,2.302585092994046,2.5649493574615367
wb_0301,"C罗超话
美丽男子",271,14,7,0.534321,0.528763,0.485625,0.950446,0.208065,3,0.532989,5.605802066295998,2.70805020110221,2.079441541679836
wb_0302,#88国际猫咪日#伸出手，握成圆，和我一起关爱流浪猫！我和天猫@我叫猫天天 、天猫宠物行业、@阿里巴巴公益 一起向流浪猫伸出援手~8月7日起上淘宝搜索「#伸出你的袁手#」参与公益宝贝计划吧！,35693,4367,35864,0.291345,0.290168,0.44328,0.903803,0.131161,3,0.272661,10.48273788641596,8.38206051742474,10.487517168560537
wb_0303,正常人不会对亲戚家的宠物有这种想法,36567,362,243,0.01828,0.018309,0.124227,0.684766,0.696746,3,0.014477,10.50692882001158,5.8944028342648505,5.497168225293202
wb_0304,墨爷13岁生日快乐（好像没那么快乐）,5956,836,217,0.646398,0.636747,0.458642,0.967112,0.104427,1,0.646254,8.692322277628687,6.729824070489475,5.384495062789089
wb_0305,要了命了，麻药彻底醒来后，本性回归，开始撕扯绝育服，行吧，戴上圈圈吧，双重保险,487,90,2,0.077798,0.077657,0.264431,0.78032,0.273928,1,0.077778,6.190315405853148,4.51085950651685,1.0986122886681098
wb_0306,"捕捉日月🧩
#跟上杰奏##一条plog告别七月#",286134,24750,108391,0.775143,0.73766,0.387548,0.981325,0.068676,1,0.775078,12.56421900640386,10.11662117122102,11.593509564526268
wb_0307,或许时间的参照物，是我养大的小猫,2564,91,65,0.416238,0.407164,0.478769,0.928718,0.297018,2,0.311094,7.84971375760487,4.5217885770490405,4.189654742026425
wb_0308,给小狗喝水的盆怎么变成烟灰缸了？,2795,168,172,0.055777,0.05557,0.226724,0.760968,0.355574,1,0.055777,7.935945103353701,5.1298987149230735,5.153291594497779
wb_0309,"进宝在家
进宝出去玩",1740,806,199,0.262587,0.261625,0.434484,0.890873,0.23951,1,0.262569,7.462214939768189,6.693323668269949,5.298317366548036
wb_0310,"蓝天
#雅雅学语##奇遇一夏#",1943,1247,217,0.248692,0.247714,0.426577,0.886435,0.311091,1,0.248594,7.572502985020384,7.129297548929373,5.384495062789089
wb_0311,如何成为宠物博主#不定时桉排更新#,20544,8501,23435,0.397535,0.395968,0.482783,0.925028,0.081904,3,0.397083,9.93037288131751,9.048056708918736,10.06202858066468
wb_0312,天定良元超话 笑死我了他俩的宠物真的好符合本人,804,36,11,0.426094,0.424331,0.487099,0.930929,0.132091,1,0.425949,6.690842277418564,3.610917912644224,2.4849066497880004
wb_0313,支持支持支持支持毛孩子超话#宠物#,4302,193,190,0.179196,0.186197,0.36625,0.87318,0.26313,2,0.158258,8.3670677328386,5.267858159063328,5.25227342804663
wb_0314,"#小米徐洁云回应孩go言论#
人家养了8年的狗就叫孩go，不知道有些人在破防什么。
不仅有孩go，抖音有个百万粉丝宠物博主，人家的狗就叫海狗，海上流浪狗，从小就没下过陆地。抖音还有个百万粉丝宠物博主的狗叫小米，每个视频就就可爱可爱可爱，几十万点赞。
这有什么可应激的，宠物起名也得避讳吗？

展开c",1138,399,15,0.150171,0.164892,0.343943,0.875664,0.342906,5,0.119543,7.037905963447182,5.991464547107982,2.772588722239781
wb_0315,宠物的绰号是如何不断演变的,1612,74,596,0.022592,0.02256,0.145473,0.676754,0.409472,2,0.0129,7.385851078125209,4.31748811353631,6.391917113392602
wb_0316,"好消息：
两只小奶猫已经从我老家的修猫所接到老原家啦

坏消息：
两只小奶猫疑似被掉包了

这两只小奶猫捡到时还不能自理
当时我们快从我老家回原住民家了
我晕车得坐高铁
原住民独自开车带着小麒麟一家
实在没法再照顾俩小奶猫
于是我们就没带走黑豆和彩豆
把它们放在我老家的修猫所寄养
我老家有个 展开c",1685,124,6,0.510514,0.508289,0.492895,0.945946,0.071028,1,0.510514,7.430114138561801,4.8283137373023015,1.9459101490553128
wb_0317,"宠物服装 王大毛最慈爱的父亲来了
（二编：ro和rohi豆包的解读放在P4 /P5（来自@盼儿光儿成为你心中的一根刺 ）请大家自行判断豆包有没有骗人）",770,66,52,0.653784,0.645244,0.422221,0.974264,0.189564,2,0.651816,6.647688373563329,4.204692619390966,3.970291913552122
wb_0318,"帕帕一认真，嘴努子就藏不住了

猫咪的胡须就像一组灵敏的探测雷达。当猎物靠近面部时，胡须会向前展开，帮助它进一步判断猎物的位置和动向，以便更精准地抓住或者咬住猎物。
除了捕猎和玩耍，猫咪在好奇、兴奋或者高度专注时，也可能亮出饱满的嘴努子。
听说还有不少猫，拉臭臭使劲的时候也会撅嘴努子 展开c",396,50,51,0.423884,0.422071,0.486546,0.931225,0.295738,3,0.42304,5.983936280687191,3.9318256327243257,3.951243718581428
wb_0319,诶，跟我妈吵了一个小时架，小乖一直劝阻无果，最后吓得躲进了箱子，狗也憋了半天不敢上厕所，一出来就尿在了地上,9978,212,74,0.497397,0.480564,0.460955,0.94588,0.071103,2,0.496718,9.208238163884312,5.3612921657094255,4.31748811353631
wb_0320,外面下雨，高柱正在走廊里遛宠物鸡，一抬头发现这猫在外面死死的盯着我的小鸡。。,13333,294,153,1.8e-05,0.001804,0.008047,0.842536,0.99595,1,1.8e-05,9.498072443178003,5.68697535633982,5.0369526024136295
wb_0321,"今年哈尼的生日延迟了两个月过
选在了11年前我把它带回家的那天，那天它两个月大。",1659,115,49,0.115496,0.115399,0.315436,0.810316,0.391644,2,0.11506,7.414572881350589,4.7535901911063645,3.912023005428146
wb_0322,"《结束流浪——长期互助领养计划》

这些年，工作室陆陆续续收养、照顾了一些流浪猫。原本只是想着：遇见一只，就尽力帮一只。给它们一口饭、一个暖和的小窝，让它们不用再独自在外面挨饿受冻。（暂时还没有遇到需要帮助的狗狗）
但今年开春以后，身边需要帮助的小猫越来越多。工作室里也渐渐热闹起来 展开c",713,153,96,0.322121,0.320143,0.459055,0.909171,0.300265,4,0.320531,6.570882962339584,5.0369526024136295,4.574710978503383
wb_0323,"故宫石狮子实习生帕帕，请求转正！

台阶上稳稳一坐，昂首挺胸，小虎牙悄悄露出来，镇宅气场直接拉满。
个头虽小，架子拿捏到位，妥妥的故宫限定“活体镇宅手办”。
大家评评理，帕帕这份实习表现，能不能顺利转正？
故宫的猫超话#故宫的猫##微博影像年##宫猫帕帕#",527,52,79,0.367557,0.366041,0.47637,0.919122,0.090216,1,0.367536,6.269096283706261,3.970291913552122,4.382026634673881
wb_0324,"这个人是骨子里的坏，好心人给点吃的，你这一脚把猫猫的心给踢碎了，一个流浪猫惹你了吗？
不喜欢可以远离，为什么要去伤害无辜的动物呢？…～",4838,316,74,0.135173,0.134627,0.337518,0.828761,0.164574,1,0.135134,8.48446336679332,5.75890177387728,4.31748811353631
wb_0325,宠物在外 名字都是别人给的🥹,575,25,33,0.177754,0.1764,0.37808,0.848321,0.309573,1,0.177729,6.356107660695892,3.258096538021482,3.5263605246161616
wb_0326,您的宠物今天参加了澳运会,1077,43,157,0.35819,0.356559,0.471574,0.91643,0.062194,5,0.357209,6.982862751468942,3.784189633918261,5.062595033026967
wb_0327,"29028【瓦吗】当你给家里的狗儿换了高清宠物摄像头：
（萌狗九宫格）",586,22,92,0.32353,0.3222,0.462408,0.918774,0.140187,1,0.323521,6.375024819828097,3.1354942159291497,4.532599493153256
wb_0328,麻麻一回来就有新衣服穿,1343,106,43,0.33235,0.330728,0.462023,0.911278,0.121477,1,0.332303,7.203405521083095,4.672828834461906,3.784189633918261
wb_0329,"今日宜发“呆”
生日快乐🎂",45238,8182,7340,0.059306,0.059005,0.23264,0.768286,0.132046,1,0.059288,10.719714825653304,9.00981411052738,8.901230352110781
wb_0330,"一个养大型犬的人从不带狗旅行，养的雪橇犬一辈子都没见过雪，自己倒是很爱出门旅游也就算了

但是为了显得自己没问题，把所有人的带狗旅行和给狗喂巧克力划上等号，这真是酸到没边了啊",1122,237,33,0.177102,0.176473,0.376142,0.861823,0.338804,1,0.177044,7.023758954738443,5.472270673671475,3.5263605246161616
wb_0331,"韩国30多岁女性高温酷暑遗弃宠物犬，警方立案调查

6日据报道，韩国清州上党警署表示，以涉嫌遗弃宠物犬(违反动物保护法)为由，对30多岁女性A某进行了不拘留立案调查。

据悉A某涉嫌于本月1日在清州市某公园游乐场遗弃了自己饲养的小狗，她将小狗拴在游乐场的柱子上，留下了写着“丢弃的小狗”的纸条， 展开c",1034,52,243,0.117699,0.117266,0.317177,0.821354,0.23406,1,0.117653,6.942156705699469,3.970291913552122,5.497168225293202
wb_0332,所以我只敢给我的猫吃进口猫粮。很难想象国内宠物经济已达千亿规模，越来越多人把宠物当家人，“但国产猫粮的国标依然停留在10多年前的标准，合不合格，全靠企业一张嘴”。,1635,150,132,1.2e-05,0.001993,0.005725,0.879585,0.995899,0,0.0,7.400009517162692,5.017279836814924,4.890349128221754
wb_0333,"面对毛孩子离世，不要只重播失去的那一天💧

“要看我偷吃东西那天，看我跑很快那天，看我睡到打呼那天。”
“因为我不是只有离开，我也有活很久。”",9709,265,3362,0.009024,0.009055,0.088856,0.628135,0.845309,2,0.007147,9.18091156128537,5.583496308781699,8.12058871174027
wb_0334,"事情要从几天前说起。
前几天我带我们家狗去公司，被我们老板的儿子爱上带回家养了一天，还自己掏了六块钱（他一共只有100块）去菜场给我们家狗买了一斤鸡胸肉。
然后他就一发不可收拾每天都要找我们家狗玩。
我就带他去买了一只。
走进那个宠物店有很多品种的狗，我问他你要哪个？
他说：“就要大卖（ 展开c",1277,405,1,0.185472,0.183849,0.374287,0.8646,0.513092,3,0.184652,7.15305163493748,6.0063531596017325,0.6931471805599453
wb_0335,"-

看到小狗笑容的一瞬间，真是心都碎了…
真的不理解怎么下得去口的！！！",3014,212,123,0.002744,0.003304,0.046845,0.59431,0.729483,4,0.001627,8.011355109161286,5.3612921657094255,4.820281565605037
wb_0336,蓝盒子你好事做尽,1096,72,3,0.09,0.089601,0.282099,0.802681,0.131788,1,0.089902,7.00033446027523,4.290459441148391,1.3862943611198906
wb_0337,奶猫领养，地址在广州白云石井，现在暂时寄养在宠物医院。据医院人说它大概刚出生三天左右。病毒检查那些都做了，很健康。联系人：@老是十八弟,2135,188,23,0.315247,0.31042,0.425793,0.911968,0.1536,3,0.314774,7.666690200080086,5.241747015059643,3.1780538303479458
wb_0338,都说宠物和主人长得一样……难道我也是个明眸皓齿的美人……,746,41,8,0.143825,0.143453,0.346984,0.841118,0.003827,1,0.143802,6.616065185132817,3.737669618283368,2.19722457733622
wb_0339,"#小米徐洁云回应孩go言论# 卧槽，某网友开始直播带货“洁云卫生厕所纸”了这你受的了吗？😂

原来是kml圈内人xm_家里养的宠物叫“孩go”，看到一张评论截图：买点洁云卫生纸，给我家的“咪候”（宠物猫）擦屎用，天天乱崩💩

现在网友给狗狗猫咪起名都这么个性了吗？🐱",516,121,16,0.581423,0.578909,0.487225,0.957662,0.31527,2,0.581082,6.248042874508429,4.804021044733257,2.833213344056216
wb_0340,远方传来消息 来财把屎拉我奶床上了,29104,3065,1454,0.13912,0.13866,0.329704,0.851014,0.39595,7,0.076749,10.278665259705836,8.028129059431759,7.282761179605593
wb_0341,这种宠物主人肯定要负责任的把？？？,1049,80,23,0.003213,0.003391,0.050893,0.584982,0.80294,2,0.002767,6.956545443151569,4.394449154672439,3.1780538303479458
wb_0342,"一些回忆突然袭来……

丑刚到家的时候就是颗魔丸！横冲直撞，皮皮很烦他，但是阿达不知为何对魔丸充满了容忍和爱意，咬耳朵，呼脸上都没关系。

那时候开玩笑说阿达可能认为丑有皮皮的形状和自己的颜色，是他俩的儿砸

他俩一起走玩遍了大江南北，到了哪里，丑只要看见阿达在旁边，就会很安心。 展开c",555,107,3,0.144786,0.145216,0.345424,0.844598,0.266144,2,0.14467,6.320768294250582,4.68213122712422,1.3862943611198906
wb_0343,#徐洁云称有小米用户宠物叫孩go#我经常拿这个玩意擦屁屁。,688,350,5,0.026699,0.026622,0.158209,0.721464,0.834578,1,0.026696,6.535241271013659,5.860786223465865,1.791759469228055
wb_0344,妞妞新包23w8,974,38,213,0.238572,0.23806,0.407258,0.891569,0.389149,3,0.191704,6.882437470997847,3.6635616461296463,5.365976015021851
wb_0345,"前几天，我突然发现我家狗狗突然失聪了。

我站在它旁边，一遍遍大声喊它的名字，它都一点反应也没有。

我马上预约了宠物医院。可最快也只能排到今天。

等待的这几天里，我真的特别难受，哭了好几次。

一想到这么胆小的宝宝，以后再也听不到妈妈（本人）的声音了，再也听不到我每天跟它说“妈妈好爱 展开c",1020,65,10,0.424954,0.406018,0.452237,0.934168,0.143711,1,0.424793,6.928537818164665,4.189654742026425,2.3978952727983707
wb_0346,吃一个宠物博主的瓜，本来我以为可能又是博主不太细心或者是让小猫工作时间过长，结果一看照片。。。我第一次见到一个专职做宠物博主的人能把猫养的这么差的。。。,1833,139,28,0.481235,0.473606,0.480436,0.941217,0.145539,1,0.481211,7.51425465281641,4.941642422609304,3.367295829986474
wb_0347,"真踏马牛逼，鸿星尔克你居然也搞宠物友好门店了！

我原本以为你们家的那个【流浪猫狗守护计划】是指收容流浪猫狗，然后帮它们找到领养人，然后送去领养，门店就是个过渡，咱们店内也是关在宠物箱里角落里待着，然后等转运。
结果没想到，居然还包括流浪动物进门店不驱赶，给流浪狗留门吹空调等骚操作 展开c",909,111,167,0.105704,0.105305,0.299836,0.814488,0.580826,2,0.105269,6.813444599510896,4.718498871295094,5.123963979403259
wb_0348,消失许久的椰子椰子椰子🥥,1146,139,1,0.162604,0.162019,0.363418,0.851931,0.15465,1,0.162569,7.044905117129371,4.941642422609304,0.6931471805599453
wb_0349,看到一个分析猫粮导致瘫痪的文章，我不懂这些，但是看起来挺可靠的，吃冻干猫粮的家庭对照着检查一下自家猫粮吧。,138,48,247,0.116518,0.11398,0.298998,0.844757,0.629816,3,0.060008,4.934473933130692,3.8918202981106265,5.513428746164983
wb_0350,"真·金毛
李昊超话",64480,19485,17563,0.235642,0.234932,0.414589,0.921441,0.068511,1,0.235641,11.074125885745117,9.877451537985287,9.773606631681607
wb_0351,"卧槽我真的气疯了。

就有一位宠物博主卖守宫也养守宫，经常拍给守宫治病的视频，也接顾客寄给他的患病守宫。

结果，有些人自己把守宫养得一塌糊涂奄奄一息，就拿个饭盒一装寄给他，意思也很明确：救得活你就救，救不活反正不是死在我手上的。

这个博主也是真爱守宫，看到被养得很惨的守宫也会骂饲主 展开c",975,49,124,0.306092,0.303788,0.452358,0.923207,0.061024,1,0.306089,6.883462586413092,3.912023005428146,4.8283137373023015
wb_0352,"1550
去宠物医院见到的这种事。",17004,65,470,0.064289,0.063695,0.222966,0.792185,0.363592,35,0.044965,9.741262697441297,4.189654742026425,6.154858094016418
wb_0353,心灵丑。。。掉毛到底要掉多久。。。,4963,157,526,0.101487,0.101087,0.297311,0.813032,0.33479,1,0.101458,8.509967146324497,5.062595033026967,6.267200548541362
wb_0354,"p1家常菜们
p2得知我流鼻血的家人给我送来了清火绿豆粥
p3元宝——特黏糊一孩子
#“周”记plog#",2285,673,14,0.627118,0.623593,0.47477,0.962577,0.105221,1,0.627095,7.734558844354756,6.513230110912307,2.70805020110221
wb_0355,可以发下531常州狗车的领养和寻主吗😣志愿者和贩子纠缠两个月现在狗狗开放了半个月的领养，如果领养不出去还是会面临无害化处理,438,22,114,0.192071,0.178134,0.327639,0.898683,0.334258,11,0.154488,6.084499413075172,3.1354942159291497,4.74493212836325
wb_0356,"反正就个人来说
凡是宠物上桌吃饭的店我都是不会去的",1265,58,22,5e-05,0.02938,0.044623,0.921161,0.83008,2,2.8e-05,7.143617602704121,4.07753744390572,3.1354942159291497
wb_0357,"无法接受为了宠物24小时开空调的人，请你们不要养宠物。
连空调费都要心疼的那种经济状况，是没法让宠物幸福的。",882,125,56,0.016552,0.016466,0.124572,0.655922,0.783942,1,0.016544,6.78332520060396,4.836281906951478,4.04305126783455
wb_0358,何宣林超话 一些存货 #奇遇一夏##一条plog告别七月#,15887,2074,1722,0.182338,0.180868,0.372184,0.865119,0.073253,3,0.137297,9.673319386284954,7.637716432664798,7.45182223652793
wb_0359,“宠物摄像头掉了下来，猫直接变成了巨人画风” (twi:WayneGasioro45),1179,38,109,0.22074,0.216213,0.398776,0.878718,0.204882,1,0.220665,7.07326971745971,3.6635616461296463,4.700480365792417
wb_0360,有没有安吉2小时车程内想养布偶的？麻麻救了一只猫，已经康复了，想要领养的可以联系我,791,50,17,0.028545,0.027124,0.145155,0.737286,0.176049,6,0.011459,6.674561391814426,3.9318256327243257,2.8903717578961645
wb_0361,"【#南宁流浪猫# 救助】广西南宁
救救流浪猫妈妈，晚上在小区发现了正在生产的小猫，被发现时已经难产，小猫的两个脚露在外面出不去。
紧急送往医院后诊断出难产导致的败血症以及子宫蓄脓，目前已进行子宫拆除手术正在住院。
救助人为应届毕业生，目前经济紧张，与共同救助人出资了手术费和部分 展开c",631,37,102,0.142176,0.14429,0.324685,0.856586,0.329019,5,0.140396,6.448889394146858,3.6375861597263857,4.634728988229636
wb_0362,50102【心灵丑】吃上自助餐了,784,65,14,0.241182,0.240151,0.421666,0.900356,0.337938,1,0.241178,6.665683717782408,4.189654742026425,2.70805020110221
wb_0363,豆包豆腐带娃日常,521,119,72,0.141337,0.138472,0.325276,0.841155,0.230186,3,0.069084,6.257667587882639,4.787491742782046,4.290459441148391
wb_0364,"#鸿星尔克店内收留流浪猫狗#

不去，把空间留给猫狗。",2907,598,42,0.412918,0.400091,0.474153,0.9229,0.257328,1,0.412866,7.97522083865341,6.395261598115449,3.7612001156935615
wb_0365,"-

中国台湾，宠物犬被雷声吓到…爬3楼杂物堆坠楼亡！饲主挨罚1.5万台币！！！",1078,45,68,0.308004,0.301817,0.433219,0.908536,0.386512,3,0.307538,6.983789965258135,3.828641396489095,4.23410650459726
wb_0366,🧩,1370,35,7,0.287662,0.28654,0.447652,0.898044,0.163722,1,0.287627,7.223295679562314,3.58351893845611,2.079441541679836
wb_0367,"生日快乐小咖喱🎂
陪伴我的第5年😛
还是要健康哦～～ 我超级爱你的🩷
#负暑进行时#",31758,10950,40422,0.346651,0.332753,0.418648,0.923863,0.281227,3,0.281875,10.365931428719277,9.30118605527576,10.607154208886223
wb_0368,就这么跟三植互相rua,1329,75,226,0.4264,0.422233,0.483932,0.931127,0.211199,1,0.426372,7.1929342212158,4.330733340286331,5.424950017481403
wb_0369,世界远远低估了小猫对人类的爱🥹,5199,245,1193,0.488452,0.47895,0.473534,0.954045,0.079855,5,0.296434,8.556413904569519,5.5053315359323625,7.085064293952548
wb_0370,宠物在外名字是别人起的,2022,210,1106,0.386398,0.382153,0.473688,0.922918,0.054798,5,0.218801,7.612336837167746,5.351858133476067,7.009408932708637
wb_0371,每一个夏天都会过去，只有夏天里的人走不出来。成都又在炎热，❤️‍🩹慢慢捡起勉强维持人形中。👏 #夏日云逛街#,980,164,82,0.211094,0.210136,0.402159,0.873087,0.437634,2,0.169132,6.888572459565364,5.10594547390058,4.418840607796598
wb_0372,"巫哲超话

巫哲大大好，我是您的一名读者。
看到您新发的博文，表示我非常愿意领养小猫。是这样的，我本人现在在北京，等协商好后我可以坐飞机前往桂林，带小猫回京照养。如果您觉得这样不妥，我也有亲戚（本人老家广西）可以先帮忙照看着，您看怎么办好都行，我愿意配合一切。
一直很喜欢看您的 展开c",2234,147,16,0.154554,0.152833,0.342733,0.854293,0.39631,7,0.150122,7.711996507047669,4.997212273764115,2.833213344056216
wb_0373,#凡凡的不凡日常#潦草的der der和我😴✈️👣#负暑进行时#,22747,13417,15811,0.037384,0.037366,0.182774,0.736451,0.049368,4,0.025382,10.03223250842669,9.504352368122833,9.668524424416576
wb_0374,"【#腾讯全新QQ宠物上线#】#QQ宠物接入腾讯Hy3大模型#腾讯全新 QQ 宠物今日正式上线。#腾讯全新QQ宠物#

在安卓和 iOS 端手机 QQ 打开功能入口，或者直接搜索“QQ 宠物”，即可进入该玩法。

用户可选择多种类型的宠物，包括原版经典的企鹅形象，还可以给它起昵称、选择性格。

完成设置后，QQ 宠物主界 展开c",2210,312,136,0.175122,0.171819,0.365751,0.86453,0.624617,1,0.175111,7.701200180857446,5.746203190540153,4.919980925828125
wb_0375,"🐶✨🤍😽
#di了你一下#",4974,318,162,0.227963,0.227006,0.412643,0.879886,0.072242,2,0.129207,8.512180649592693,5.765191102784844,5.093750200806762
wb_0376,"《人类认养指南》39
宠物开疆拓土
家人们你们觉得奎恩能保住自己的卧室吗？

oc漫画更新",6151,204,68,0.132185,0.124409,0.299685,0.847278,0.106477,3,0.130277,8.72453251118548,5.3230099791384085,4.23410650459726
wb_0377,"李玉带他的猫去宠物医院定期体检，坐班的医生跟李玉都很熟了，于是推荐他做一下医院的免费新项目——宠物性格测试，以便主人能与自己的宠物相处更融洽

李玉把怀里的大黑猫放在桌上：“那该怎么做？”

医生有条不紊地介绍起来：“很简单，你分别摸摸他的耳朵、胡须、嘴巴、爪子、肚子，如果他一直乖乖 展开c",717,90,1,0.311405,0.313092,0.445398,0.903521,0.079176,2,0.306775,6.576469569048224,4.51085950651685,0.6931471805599453
wb_0378,笑死，有人天天搞宠物友好餐厅推荐,1721,128,13,0.013988,0.013997,0.111953,0.672261,0.231148,2,0.013712,7.451241684987676,4.859812404361672,2.6390573296152584
wb_0379,希林娜依高超话 我是卟卟 卟水啦,8021,2221,659,0.2461,0.245163,0.424839,0.885722,0.141415,1,0.246007,8.989943046329998,7.706162970199576,6.492239835020471
wb_0380,1237【求】表达自己对宠物占有欲的图,950,18,78,0.373131,0.354201,0.414021,0.928904,0.284502,6,0.23742,6.85751406254539,2.9444389791664403,4.3694478524670215
wb_0381,测报你就发这张图其他都不说,13287,226,63,0.015734,0.017276,0.111785,0.726353,0.878996,4,0.013488,9.49461665129313,5.424950017481403,4.158883083359672
wb_0382,接！英国长寿猫猫已31岁！只喝矿泉水，饿了吃鸡虾肉，怪不得长寿啊...,811,55,160,0.00809,0.008693,0.08022,0.671348,0.536942,4,0.005148,6.699500340161678,4.02535169073515,5.081404364984463
wb_0383,"OMG你吓到我了…… （张函瑞养了新宠物 去泡泡看吧）
#张函瑞omg你吓到我啦#",3417,195,88,0.480961,0.476527,0.478099,0.943219,0.26276,3,0.480094,8.136810863675537,5.278114659230517,4.48863636973214
wb_0384,给新粉宝宝们看下白鹿养妹妹的小时候,3427,156,102,0.275699,0.273321,0.439029,0.889885,0.157024,1,0.275658,8.13973227971767,5.056245805348308,4.634728988229636
wb_0385,"好了！
我来解答一下大家“新成员”的事
你们肯定猜到是要再来一只小猫了！
没错！！
家里准备迎二胎～～
我真的求了潮爹好久好久好久
今年生日我又提了
他终于松口了
同意再来一位新成员！！

但是我们想找一只“有缘”小猫
就是随眼缘 随心
不想在网上看
也不是说一定要挑多漂亮的品种多好的
可以是 展开c",1552,219,1,0.497332,0.487673,0.487111,0.943137,0.159375,1,0.497309,7.347943823148687,5.393627546352362,0.6931471805599453
wb_0386,既然把宠物当做人类伴侣，那家里的伴侣在外面咬死咬伤了人，会影响他们家庭成员考公吧,1017,100,55,0.56408,0.561614,0.490866,0.954194,0.332295,1,0.564071,6.925595197110468,4.61512051684126,4.02535169073515
wb_0387,宠物拍照注意事项：,1039,23,25,0.128513,0.143645,0.299087,0.879125,0.021615,9,0.067679,6.946975992135418,3.1780538303479458,3.258096538021482
wb_0388,猫应该是最完美的宠物了,1891,57,744,0.134041,0.132874,0.326455,0.840533,0.081944,6,0.095428,7.545389749611823,4.060443010546419,6.61338421837956
wb_0389,"chris邱宇辰超话 🍊#chris邱宇辰#
最近🍊
工作、生活，還有牠。🖤🐕",5596,2814,1500,0.27847,0.277066,0.442048,0.898177,0.271418,1,0.278444,8.62998601889136,7.942717540573791,7.313886831633462
wb_0390,"拍摄 ENEMY 的时候发现了它，我们的两位制片第一时间将它送了医院。
手术后，变成了三条腿的小猫了，于是他们叫它小 E ，也有更多人叫它三角猫。
三脚猫的性格非常好，甚至可以说是讨好型的猫格
人在的地方它就会在，也会非常殷勤地给其他的猫轮流舔毛

最近发现它的身体不太对劲
肚子鼓鼓的 摸起来硬 展开c",3363,359,45,0.418241,0.416385,0.486887,0.925481,0.048588,1,0.41823,8.120886021092838,5.886104031450156,3.828641396489095
wb_0391,"日本要求宠物证必须贴上宠物照片
以下是照片规定",13464,195,1557,0.069984,0.069165,0.248799,0.780785,0.463418,1,0.069978,9.5078490052457,5.278114659230517,7.351158226430694
wb_0392,秃头咪蒙跑短视频平台卖的第一件商品是猫粮，我觉得这个地狱笑话有点太过分了…,804,80,14,0.41668,0.413841,0.451998,0.939777,0.13703,4,0.40321,6.690842277418564,4.394449154672439,2.70805020110221
wb_0393,"【#回忆专用小马甲说不会再养狗了#】8月1日晚，微博大V@回忆专用小马甲 发布消息称，陪伴他多年的萨摩耶“妞妞”于当晚19点49分离世，走时没有痛苦，家人都在身边。
8月1日下午，回忆专用小马甲回复网友评论表示不会再养狗了。
据悉，“回忆专用小马甲”是一位拥有3608万粉丝的初代网红，账号主要内容 展开c",2121,243,50,0.008268,0.00811,0.083891,0.615033,0.542946,2,0.007904,7.660114319173928,5.497168225293202,3.9318256327243257
wb_0394,金旼炡对波妞很用心做了很多准备，某些人说什么两个人当妈妈共同抚养波妞 我的妈呀 想让你心肝当妈就让她去找老李好吗,1875,21,41,0.073787,0.084637,0.244703,0.817145,0.243771,4,0.053836,7.53689712956617,3.091042453358316,3.737669618283368
wb_0395,狗都追小孩了还不让处置吗？,2660,169,319,0.169337,0.167962,0.367679,0.857345,0.015248,1,0.169303,7.886457270977689,5.135798437050262,5.768320995793772
wb_0396,"【抽奖帖】
这条bo抽两个幸运小伙伴送一份猪猪侠联动食梦貘皮肤+一个猪猪侠宠物
评论即可参与，均折现！
#超话创作官##阴阳师洪狐天运##此刻游我主宰##夏日游趣狂欢季#",235,1157,21,0.217531,0.216252,0.405116,0.873045,0.117132,1,0.217377,5.4638318050256105,7.05444965813294,3.091042453358316
wb_0397,一不小心又得到了一万个赞,865,10,18,0.047934,0.049031,0.188597,0.820715,0.264771,5,0.039827,6.763884908562435,2.3978952727983707,2.9444389791664403
wb_0398,对养的第一只宠物感到亏欠,3757,348,1352,0.202397,0.201556,0.396427,0.862948,0.425791,1,0.202356,8.231642179973411,5.855071922202427,7.210079628170788
wb_0399,心灵丑，小时候趁我出去倒垃圾自己打开笼子狂吃狗粮，吃成这样了。。。。,651,36,17,0.204493,0.203562,0.396596,0.870985,0.097085,1,0.204464,6.480044561926653,3.610917912644224,2.8903717578961645
wb_0400,"我感觉也是，除非被送的人本身就特别特别想要而且指定某个小动物，对方起一个付钱的作用这样就很好！
不敢想象生日被人无预兆送一个小狗小猫小仓鼠小鸟啥的会有多崩溃…",1306,42,28,0.047608,0.047651,0.210538,0.763261,0.178792,1,0.047602,7.175489713624222,3.7612001156935615,3.367295829986474
wb_0401,"QQ宠物，全新升级归来！

新故事开场，我们再次相遇
还是熟悉的养宠味，但又多了点新鲜感——

养宠玩法升级，熟悉日常更有沉浸感
QQ宠物升级为3D毛茸茸形象，
保留喂食、洗澡、打工等经典玩法，
沉浸式体验养宠，宠物也能养成当红巨星！

腾讯Hy3 大模型装进小脑袋，你的宠物 展开c",614,368,90,0.43901,0.436015,0.486691,0.933539,0.394739,1,0.438964,6.421622267806518,5.910796644040527,4.51085950651685
wb_0402,绿野仙踪#写真##女生穿搭#女生穿搭超话,946,30,46,0.205532,0.20533,0.396558,0.872575,0.439528,3,0.205174,6.853299093186078,3.4339872044851463,3.8501476017100575
wb_0403,"早起收获的一组韩系清冷感写真🥛
上午的太阳是冷色调的富士直出没调色就很好看了！

#人像摄影##少女写真##上海约拍##春天##女生头像##这妹子真漂亮#",739,22,107,0.198607,0.197714,0.389307,0.900607,0.107992,3,0.196363,6.606650186198215,3.1354942159291497,4.68213122712422
wb_0404,"赵天杨超话

清清爽爽小少年✌🏻",803,50,21,0.266387,0.264801,0.435275,0.909785,0.23601,1,0.266385,6.689599269178967,3.9318256327243257,3.091042453358316
wb_0405,"🌧️镜头里的阴雨天
才发现下雨天居然这么好拍！
新发色+中分好有姐感～

#来拍照了﻿ ﻿##少女写真##今日穿搭(ootd)##夏日穿搭##人像摄影##女生头像##甜妹##夏天#",374,29,34,0.254974,0.253969,0.431039,0.889164,0.159482,1,0.254949,5.926926025970411,3.4011973816621555,3.555348061489413
wb_0406,#女生遭诱导拍私密写真被碰隐私处#远离男摄 远离男摄,196,7,2,0.199064,0.19585,0.364207,0.900913,0.116902,6,0.124069,5.2832037287379885,2.079441541679836,1.0986122886681098
wb_0407,"🥛甜妹原皮
蟹蟹📷@陈半厨

#夏天##甜妹##少女写真##人像摄影##女生头像#",490,20,57,0.473426,0.474014,0.482189,0.94288,0.284222,1,0.473351,6.19644412779452,3.044522437723423,4.060443010546419
wb_0408,#女生遭诱导拍私密写真被碰隐私处#当时我就震惊了！商家诱导女生拍私密写真，甚至摄影师还触碰女生隐私处，这一行为简直令人发指！这是不是性骚扰呢？女生经不住诱惑，会不会落入魔掌。虽已辞退摄影师，但这绝不是事件的终点。此类事件的发生，暴露出商家管理的严重漏洞和职业道德的沦丧。写真本应是记 展开c,299,93,92,0.053368,0.056154,0.198253,0.826096,0.411065,11,0.025415,5.703782474656201,4.543294782270004,4.532599493153256
wb_0409,"在云南💭白色三角梅盛开的季节☀️
拍的手机花絮就狠狠出片了 我爱阳光！爱云南～

#三角梅##云南##大理##少女写真##春天##女生头像##甜妹##ootd#",240,11,43,0.183774,0.182988,0.381625,0.893447,0.3495,1,0.183773,5.484796933490655,2.4849066497880004,3.784189633918261
wb_0410,"梅德维德夫的妻子达莎分享了孕期与大女儿一起拍摄的写真照，非常漂亮。

配文是：女生力量，06,01,2025。

看来小梅家的二胎也是女儿。恭喜啦！",229,19,9,0.444261,0.442116,0.487402,0.946941,0.157773,1,0.444254,5.438079308923196,2.995732273553991,2.302585092994046
wb_0411,#女生遭诱导拍私密写真被碰隐私处#能去拍私密写真的，多半不是被诱导，纯粹是自己自愿而且，该女生还是个成年人，成年人难道没有自主辨别能力吗？正常人会去找摄影师单独拍私密写真吗？,264,58,4,0.068467,0.068099,0.248919,0.767352,0.528187,1,0.068456,5.579729825986222,4.07753744390572,1.6094379124341005
wb_0412,"🪷小荷才露尖尖角

📷@飘飘呐
#古风写真##上海约拍##汉服写真##荷花##女生壁纸#",289,13,37,0.214358,0.212716,0.402202,0.907588,0.210476,1,0.214358,5.66988092298052,2.6390573296152584,3.6375861597263857
wb_0413,写真超话,258,17,6,0.116317,0.115731,0.314062,0.852163,0.235948,1,0.116311,5.556828061699537,2.8903717578961645,1.9459101490553128
wb_0414,"苗族少女限定皮肤🧊

#拍照姿势##做个灵动女生##少女写真##阳朔##古风写真##夏天#",213,14,23,0.123066,0.122499,0.323398,0.882928,0.408926,1,0.123066,5.365976015021851,2.70805020110221,3.1780538303479458
wb_0415,"tg
安利厕来了",348,29,14,0.408264,0.406386,0.48384,0.923549,0.18129,2,0.407793,5.855071922202427,3.4011973816621555,2.70805020110221
wb_0416,"🍓往那一站就是一块草莓蛋糕🫧

#夏天的味道##少女##模特##人像摄影##做个灵动女生##少女写真#",206,12,30,0.370006,0.365825,0.467346,0.941408,0.271882,2,0.369471,5.332718793265369,2.5649493574615367,3.4339872044851463
wb_0417,"在家拍出治愈系电影感写真🎬

南方的佳人们，你们第几次入秋失败啦😀
其实无论窗外是怎样的天气，关起门来，家的故事永远上演。一起来看🍠李晓丹Emily 这组充满故事感的影像吧~
-
❶ 光线是灵魂
电影感的核心是光影，下午三四点的阳光最温柔，光影透过窗户，轻轻落在脸上或角落。
RF50 F1.4的大 展开c",200,46,49,0.094807,0.094502,0.283178,0.848747,0.181645,1,0.094806,5.303304908059076,3.8501476017100575,3.912023005428146
wb_0418,"#唐嫣连续十年资助藏族女生求学# ty #唐嫣只有眼尾有岁月的痕迹#

2026.02.16 唐嫣新春写真大片🎉🧨

💎 : Tiffany 高级珠宝 @TiffanyAndCo蒂芙尼

👗 : Ronald van der Kemp 2025 秋冬高级定制

#唐嫣陈岩#｜#今日星同款#",227,26,8,0.133964,0.133663,0.329582,0.840768,0.446649,3,0.129809,5.429345628954441,3.295836866004329,2.19722457733622
wb_0419,"谭松韵超话 贴珍藏了好久的存货写真终于可以跟大家分享了～祝所有女生节日快乐！
愿大家都能成为自己喜欢的样子，是幸福被爱的小女生，也可以是主宰自己人生的“女王”。勇敢做自己@谭松韵seven",9573,3008,1510,0.398016,0.396498,0.483948,0.94847,0.141773,4,0.397998,9.166806369952454,8.009363076630045,7.32052696227274
wb_0420,#时装highlight#谭松韵超话 小仙女带着最新写真来祝大家女生节快乐啦！丝质衬衣搭配黑色皮裙，黑白彩色变幻，平日笑起来甜美可人的小仙女，敛起笑容高冷疏离，气场十足。可以是幸福可爱的小女生，也可以是主宰自我的女王。甜盐气场随意转换，勇敢做自己,4921,1012,14521,0.316614,0.315398,0.459773,0.935605,0.128009,1,0.316614,8.501470230951002,6.920671504248683,9.583420019940192
wb_0421,在北京的宝宝们可以去星宇约起来啦，我给大家精挑细选了三套写真，喜欢拍照的女生们可以冲了！🐛🐛🐛,13193,2397,10718,0.332447,0.324693,0.451571,0.940435,0.313822,1,0.332445,9.487517459782817,7.7823903355874595,9.27977314669152
wb_0422,"#张沫凡九周年#美沫的九周年他来了！
第九年 很多人陪着我一起从女孩到女人甚至到妈妈，不同阶段有不同的经历，唯独不变的是玫瑰一直伴随着我的生活，九周年一起做无惧岁月的玫瑰少女！
又去找娜娜拍摄的写真，我这次还记录了探店视频给大家！每个女生都可以成为小仙女的真实场所！
@摄影师NANA-C",2792,14890,53,0.136659,0.133308,0.325527,0.873472,0.481017,3,0.100161,7.934871565945177,9.608512282590205,3.9889840465642745
wb_0423,爱女生杂志-写真图集·刘亦菲,224,18,18,0.400014,0.398524,0.482856,0.927197,0.136629,1,0.399914,5.41610040220442,2.9444389791664403,2.9444389791664403
wb_0424,"去了拍了套美美的写真
剧透一下下
aki猫咪超话 有点期待成片
超喜欢图一的发型
回家后练练看 如果成功给你们拍教程视频
#部分女生单身的原因# 是因为整天只想着变美
没时间谈恋爱",7413,2150,818,0.630878,0.627442,0.476133,0.971167,0.16452,2,0.630038,8.911125383710678,7.67368812926773,6.70808408385307
wb_0425,"#女生遭诱导拍私密写真被碰隐私处#

我不理解，但大受震撼",159,112,48,0.146521,0.143394,0.325913,0.856767,0.234098,2,0.112034,5.075173815233827,4.727387818712341,3.8918202981106265
wb_0426,"复古婚纱❤️
不管什么时候每个女生都期待穿上婚纱👰‍♀️的样子！
#复古婚纱##写真#",2573,242,345,0.14595,0.14537,0.347062,0.890306,0.118046,2,0.132737,7.853216388156072,5.493061443340548,5.846438775057725
wb_0427,"#你羊21天礼物连送挑战#【第三天】

今天送我今天读完的欧阳娜娜写的书！✍🏻️
欧阳娜娜真的好可爱一个女生！
书里附送一张巨幅海报还有几张写真卡片！
转就行～～～ O抽奖详情",2731,2049,2356,0.539519,0.533116,0.486514,0.96337,0.114404,1,0.539511,7.912789220690681,7.625595072132453,7.7651449029361315
wb_0428,"全世界最好的李知恩超话
2020年官方台历内页扫图

#头像#[米奇比心]#女生头像#[米奇比心]#手机壁纸#[米奇比心]#美女#[米奇比心] #时尚穿搭#[米奇比心]#写真#",5059,164,86,0.192426,0.192135,0.387224,0.881704,0.337872,1,0.192399,8.52912176228151,5.10594547390058,4.465908118654584
wb_0429,#最好的夏天# 肖战、宋祖儿这组写真拍出了校园偶像剧的唯美感觉！肖战就是那个帅的耀眼笑起来温暖不但学习好还多才多艺的完美男生，女生们眼里的校园男神，让人好想和他同桌，想和他偶遇，相约图书馆、操场边……好想对他说：过来，有个恋爱想和你谈！ 一脸倾慕和迷恋的宋祖儿不正是我们这些花痴 展开c,7571,972,793,0.346314,0.335849,0.453192,0.937614,0.362947,2,0.310287,8.932212512329214,6.880384082186005,6.677083461247136
wb_0430,"昨天的速报 完全太厉害了原图就像画一样……不知道怎么做到的……这两次的拍摄女神都是对原图的元素和光线掌控要求就非常之高 而且会很在意我的脸在原相机的好看与否！😭😭所有朋友都说非常值得不远千里来杭州一程🥺🥺我准备在生日发这套庆祝我的24岁⪩. .⪨
非常感谢摄影 展开c",59,10,31,0.519383,0.515132,0.488453,0.944868,0.183354,1,0.51929,4.0943445622221,2.3978952727983707,3.4657359027997265
wb_0431,"第一次和女生合拍双人照写真
#今日妆容##冒个泡##今天穿什么#",325,24,15,0.266449,0.262729,0.429203,0.920935,0.07662,2,0.266427,5.786897381366708,3.218875824868201,2.772588722239781
wb_0432,#女生遭诱导拍私密写真被碰隐私处#就因为这种乱象写真从不拍,101,7,3,0.182952,0.179619,0.353606,0.876124,0.149674,2,0.117222,4.624972813284271,2.079441541679836,1.3862943611198906
wb_0433,#女星曝与罗志祥对话# 据台媒，写真女星吕亚晞(格格)晒出了与罗志祥的聊天记录，内容暧昧。罗志祥称其，“你很我的菜”，并表示要买她的写真帮她，还让女生po图之前要给自己看，还发过两人合照问女生是不是很登对，在女生问他好像很忙时，回复道：“那看你怎么帮我舒压啊，我会不会很坏，我很 色。”,4715,866,134,0.747001,0.741805,0.421899,0.977749,0.095279,1,0.746961,8.458716261657262,6.765038976780541,4.90527477843843
wb_0434,"今天满29周岁
老家的规矩是29岁办30岁。
妈妈说，对于女孩子是大生
.
30岁 才不是女生打折的开始
而是 刚好有能力活成自己想要的样子！
.
谢谢姐妹们一直以来的陪伴
每个生日都有你们
真好！
.
写真📷：@喜庆少女 2厦门",1752,248,19,0.108124,0.108461,0.301753,0.874886,0.22138,1,0.10812,7.469083884921234,5.517452896464707,2.995732273553991
wb_0435,"拥有松弛感的女生 真是让人太爱了！
🧚🏻‍♀️：@赖雨濛
🏡：天航工作室·北京店
#天航工作室##少女写真##北京店作品#",730,52,110,0.403365,0.396263,0.472933,0.943999,0.138344,2,0.40304,6.594413459749778,3.970291913552122,4.709530201312334
wb_0436,"结婚并不是每个女生的梦想
单人婚纱照么倒是考虑考虑可以来一套

闪闪发光的复古风缎面婚纱，非常适合单人写真，现在关西地区也可以拍了，好看不贵~欢迎戳我预约。
人像摄影超话#京都约拍##大阪约拍#",589,144,46,0.442279,0.439941,0.490919,0.943574,0.260321,1,0.442272,6.380122536899765,4.976733742420574,3.8501476017100575
wb_0437,"是甜甜的女生呀

摄影@Lila-阿敏
工作室@阿敏写真馆
客片分享

成都约拍超话#少女写真##纯欲风#约拍超话",203,11,36,0.312809,0.303802,0.431148,0.938079,0.208482,5,0.308261,5.318119993844216,2.4849066497880004,3.610917912644224
wb_0438,"《放学后》
-
（美美的再来分享一组美美的写真🥳）",169,19,4,0.613655,0.601104,0.467826,0.971558,0.19804,1,0.613644,5.135798437050262,2.995732273553991,1.6094379124341005
wb_0439,"女生男相太薄纱了

#宫下玲奈#",91,17,5,0.265993,0.264769,0.436512,0.89272,0.380709,1,0.265962,4.5217885770490405,2.8903717578961645,1.791759469228055
wb_0440,"“侧面鼻子挺；有清晰的下颌线；眼睛有神；五官和谐；骨相优越
是冒着氧气泡泡的女生🫧”
中午在拍写真的噜！！坐等大写真",103,7,1,0.370991,0.369603,0.477839,0.932216,0.364048,3,0.370922,4.6443908991413725,2.079441541679836,0.6931471805599453
wb_0441,"𝙎𝙝𝙖𝙧𝙚 
女生头像",293,13,32,0.512685,0.510615,0.490822,0.945176,0.153821,2,0.512137,5.683579767338681,2.6390573296152584,3.49650756146648
wb_0442,"芭蕾舞女生写真

出镜：佳宁",169,10,25,0.464585,0.462589,0.491495,0.947078,0.096888,1,0.464572,5.135798437050262,2.3978952727983707,3.258096538021482
wb_0443,超过37本写真都会被扣，还不让补税，bb🐷手头的aw量相比何止是千万倍，这个时候怎么不说很简单补个税就好了？不是不明白，是揣着明白装糊涂呀。,131,8,3,0.350803,0.36689,0.389437,0.95477,0.365341,15,0.266321,4.882801922586371,2.19722457733622,1.3862943611198906
wb_0444,"住在中国的日本🇯🇵女生cos分享♡コスプレ〜
大学时代被星探发现，进入演艺圈，开始当平面模特之后…其实我已经拍过100+次cos了！但认真想想，一次都不是自己主动想cos的🤣
总被说像动漫人物，然后就被安排了
在中国的日本女生日常🇨🇳🇯🇵✨#写真模特##日本模特[话题]##cosplay# 展开c",61,8,7,0.693853,0.685614,0.450401,0.977466,0.096651,1,0.693852,4.127134385045092,2.19722457733622,2.079441541679836
wb_0445,#女生街头复古穿搭大赏# 鞠婧祎的秋日写真，暖黄的复古色调我见犹怜～,623,67,52,0.106952,0.106265,0.302387,0.847635,0.295674,1,0.106949,6.436150368369428,4.219507705176107,3.970291913552122
wb_0446,"✨女生写真参考✨

🍎

ins：sumoio",350,42,40,0.322357,0.321133,0.462768,0.921151,0.346453,1,0.322353,5.860786223465865,3.7612001156935615,3.713572066704308
wb_0447,#谭松韵# 松韵女生节复古写真来袭，这从容自信的眼神气场满分！她可以是独当一面的大人，也永远是我们偏爱的女生。做自己的女王，做我们的女孩！ 希望你的眼睛里永远有光芒！,567,147,115,0.397502,0.395975,0.483925,0.936198,0.142104,1,0.397497,6.342121418721152,4.997212273764115,4.7535901911063645
wb_0448,99年韩国女生写真 拍照自然且舒服,176,27,26,0.593456,0.562708,0.459464,0.967235,0.174614,2,0.535392,5.176149732573829,3.332204510175204,3.295836866004329
wb_0449,"MOON2019 _ 4
#人像写真##杭州约拍##女生写真#

这样的小魔女是不是很特别，那些电影梦变成了真。11月我们会推出更多这样电影主题作品，满足你主人公的梦
转+评 抽一位送一份礼物",144,63,25,0.017121,0.017117,0.123234,0.775541,0.039358,3,0.007642,4.976733742420574,4.158883083359672,3.258096538021482
wb_0450,"再过一次农历生日✌🏻
送给自己的海马体生日照🎂
拍写真最开心的地方在于不会化妆的自己也能变得比平时更精致更漂亮，然后留下一些好看的喜欢的照片(●v●)📸",21,20,1,0.170478,0.169093,0.36418,0.859857,0.291829,2,0.169198,3.091042453358316,3.044522437723423,0.6931471805599453
wb_0451,"写真看腻了，发点碎片看看八
《快乐女生》",1285,83,21,0.582645,0.570054,0.471257,0.964158,0.198133,2,0.582609,7.1592919047975645,4.430816798843313,3.091042453358316
wb_0452,校园写真 26岁又做了一次学生,6303,346,42,0.437546,0.43592,0.489339,0.933584,0.120754,2,0.437222,8.748939631537715,5.849324779946859,3.7612001156935615
wb_0453,"娜扎超话 指尖的春日来信：把少女心事藏在这一帧帧瞬间@我是娜扎
今日份百变娜娜调至校园频道🎓",3130,379,353,0.264277,0.263355,0.436031,0.891133,0.223259,1,0.26423,8.049107721326406,5.940171252720432,5.869296913133774
wb_0454,"#bin拍校园写真了#
阿....阿bin学长，请你...请你和我交往吧！！！

BLG官方放出队员校园风写真，说实话，其他人是不是为了bin哥想拍才一起拍的，后面一张都是为了发第一张才发的吧
#2026lpl第一赛段##英雄联盟#",2322,108,661,0.671528,0.655135,0.455815,0.968093,0.164791,2,0.670607,7.750614732770409,4.691347882229144,6.495265555937008
wb_0455,"🫟🎧💭
#快乐昕球#",6170,2071,1675,0.540104,0.537304,0.491537,0.949984,0.153974,1,0.540046,8.727616178321068,7.636269603379373,7.424165281042028
wb_0456,"【#BLG校园风写真#】

下课铃响了，一起去小卖部吗？
校园限定小碧请查收~

#BLG信念不熄# blg超话",1243,256,293,0.637783,0.631827,0.458939,0.96633,0.136969,3,0.637629,7.126087273299125,5.54907608489522,5.683579767338681
wb_0457,"510【写真】“学姐 放学一起走吗”
📷：@_TheMoon",2752,861,1718,0.382797,0.380429,0.479361,0.923483,0.351215,1,0.382788,7.920446505142607,6.759255270663693,7.449498005382849
wb_0458,有人看过成毅和袁咏仪拍的这组校园写真吗？那会袁咏仪还年轻，你还真别说俩人拍的还挺搭,927,78,32,0.74287,0.739721,0.430994,0.980257,0.166164,1,0.742864,6.833031732786201,4.3694478524670215,3.49650756146648
wb_0459,有人看过成毅和袁咏仪拍的这组校园写真吗？那会袁咏仪还年轻，你还真别说俩人拍的还挺搭,943,104,33,0.734769,0.73213,0.434876,0.975487,0.160161,1,0.734758,6.8501261661455,4.653960350157523,3.5263605246161616
wb_0460,"📸情侣写真模版扩充中 。

#全糖可乐#",2287,32,80,0.051672,0.051578,0.216771,0.796437,0.466096,1,0.05166,7.735433352499688,3.49650756146648,4.394449154672439
wb_0461,11954【夸夸】终于拍了组韩国女高写真!不过一看到成片都要不认识自已了🥺跟前置自拍好不一样,2335,226,23,0.445834,0.442536,0.490015,0.942784,0.226854,1,0.445826,7.756195343948118,5.424950017481403,3.1780538303479458
wb_0462,#大长腿# 憨包来武汉大学拍樱花了 可惜现在没开几个 而且人也不少,688,105,99,0.316097,0.3147,0.45762,0.929262,0.133565,1,0.316096,6.535241271013659,4.663439094112067,4.605170185988092
wb_0463,#胡先煦留部偶像剧吧##胡先煦金发帅得我有心事了#这个金发不能焊在胡先煦的头上吗？明月高悬、捧花而来，少年气与氛围感拉满，胡先煦你神图有了，好完美的海边写真🥺年轻貌美能不能给大家留下一部校园偶像剧？无论哪个时空，我将在海边等这个少年！,1019,71,48,0.166794,0.178205,0.339782,0.88528,0.241699,5,0.13784,6.927557906278317,4.276666119016055,3.8918202981106265
wb_0464,"简隋英超话#最美最萌简隋英#
约了校园的笑盈盈，从小美到大哦",785,371,103,0.253461,0.256928,0.416937,0.896887,0.034382,1,0.253263,6.666956792429207,5.918893854273146,4.6443908991413725
wb_0465,"张婧仪超话 👸 #张婧仪独一无二#
250423
🎞️独一无二
单车 校园 和你
@张婧仪
#今日星拍放送# ·#张婧仪burberry品牌大使#",2075,278,491,0.397607,0.391568,0.470538,0.949387,0.135444,3,0.390455,7.638198244285779,5.631211781821365,6.198478716492308
wb_0466,拍个写真给提提蓬拍爽了,713,21,15,0.547791,0.545079,0.489778,0.964117,0.084033,1,0.54779,6.570882962339584,3.091042453358316,2.772588722239781
wb_0467,"'UNCHILD' YEEUN 小卡扫图合集

- sc入场卡
- 第一周打歌卡
- 快闪满额卡
- 校园写真卡
- 方巾卡
- 亚克力挂件卡
- 便签卡
- 铁盒卡

/yesouluv",820,49,67,0.529682,0.526729,0.491744,0.949008,0.217294,1,0.52959,6.710523109452428,3.912023005428146,4.219507705176107
wb_0468,猜猜是老师还是学姐？,695,12,59,0.17072,0.170185,0.369912,0.891206,0.145678,1,0.170719,6.54534966033442,2.5649493574615367,4.0943445622221
wb_0469,"我在武大吃雪糕
（来武大看樱花但樱花并没有开版·jpg）
依旧是家人们选个封面吧～",909,74,32,0.345068,0.343676,0.471103,0.913825,0.321652,1,0.345053,6.813444599510896,4.31748811353631,3.49650756146648
wb_0470,"曾经的汗水，今日的璀璨🌟
秋天的第一份福利为你而发！快来解锁温柔学姐！@-沈小婷-
小婷回到了她梦开始的地方——TOPCLASS校园，在这片熟悉的训练场地上，曾记载着努力与坚持、奋斗与拼搏💎💎💎那个青涩可爱的美少女，如今空降回校，这组绝美校园写真花絮，是给大家的专属福利哦
让我们 展开c",1686,310,1155,0.376011,0.374254,0.478185,0.941537,0.213346,1,0.37601,7.430707082545968,5.739792912179234,7.052721049232323
wb_0471,"灰调制服自带清冷校园滤镜，
书本与互动，氛围感拉满。
保留少年独有的青涩温柔，
每一帧都是青春模样。
杨晨晨Sugar
#写真##cos##cosplay##校园写真 ##OOTD #",348,12,24,0.241667,0.244903,0.414061,0.891627,0.164437,4,0.240878,5.855071922202427,2.5649493574615367,3.218875824868201
wb_0472,"@_小昊同学_ 今天是校园男大

#男生写真##重庆约拍#",548,15,46,0.257598,0.256465,0.430036,0.889941,0.20426,1,0.257564,6.3080984415095305,2.772588722239781,3.8501476017100575
wb_0473,仿拍了迪丽热巴同款女高写真🧚‍♀️,13771,565,157,0.443449,0.44174,0.491124,0.933682,0.164521,1,0.443432,9.530392824458414,6.338594078203183,5.062595033026967
wb_0474,朱正廷超话 ·#朱正廷青春校园剧男主# ·#朱正廷清爽学长造型# 朱正廷首本个人写真《一直到海水变蓝》 线下签名会圆满结束～ 未来一起留下更多难忘的回忆吧@THEO-朱正廷,2348,542,462,0.532335,0.525205,0.480387,0.964292,0.2348,2,0.532304,7.761744984658913,6.297109319933935,6.137727054086234
wb_0475,投稿：朋友帮我和男朋友拍了毕业写真！,2753,303,271,0.260856,0.250601,0.407941,0.917079,0.212841,3,0.142436,7.9208096792886,5.717027701406222,5.605802066295998
wb_0476,凉森玲梦TSE可爱写真了！,450,29,24,0.446009,0.443448,0.489376,0.946783,0.232198,1,0.446007,6.111467339502679,3.4011973816621555,3.218875824868201
wb_0477,有一种重返学生时代校园恋爱写真照的感觉,313,10,26,0.311974,0.304852,0.444281,0.92391,0.078476,3,0.310525,5.749392985908253,2.3978952727983707,3.295836866004329
wb_0478,【#VOGUE+热感器# TEMP CHECK】干净清纯的校园感写真，令人立马回到美好的校园时光，与清新自然风光相互映衬，阳光少年感迎面扑来，让人一眼心动💓@赵丽颖 @白鹿my @沈月 @赵露思的微博 @王鹤棣_Dylan @时代少年团-贺峻霖 @INTO1-周柯宇 @INTO1-尹浩宇 的写真中，你想和谁重返校园时光？,38835,824,835,0.226767,0.225939,0.41242,0.905753,0.118026,1,0.226766,10.567102930490035,6.715383386334681,6.728628613084702
wb_0479,"DYG奥力给超话#DYG春日治愈大片#

花儿与少年之双鱼写真特别篇～🐟🐟

#深圳dyg#",2649,282,93,0.093616,0.09367,0.286624,0.809551,0.228048,1,0.093575,7.882314918980268,5.645446897643238,4.543294782270004
wb_0480,"情侣毕业写真 🆘💕 #WP
「Thank you Poppy 🐽」",1514,121,271,0.328144,0.32606,0.461773,0.92611,0.29752,1,0.328144,7.323170717943469,4.804021044733257,5.605802066295998
wb_0481,#毕业季# 2北京·中央民族大学,286,27,18,0.141734,0.141334,0.343133,0.842499,0.191379,1,0.141698,5.659482215759621,3.332204510175204,2.9444389791664403
wb_0482,什么时候下课？#EDGM男高写真# #栀子花开中#柠栀超话,1502,134,22,0.427465,0.417157,0.478187,0.931177,0.11869,1,0.427367,7.315218389752975,4.90527477843843,3.1354942159291497
wb_0483,🎐,591,72,195,0.53073,0.527716,0.490102,0.962263,0.066127,1,0.530729,6.3835066348840055,4.290459441148391,5.278114659230517
wb_0484,校园写真😙😙😙,208,19,80,0.442041,0.437153,0.474646,0.949947,0.096562,2,0.441966,5.342334251964811,2.995732273553991,4.394449154672439
wb_0485,"#少女写真#
试探一下❤️绿泡泡已更新",1324,31,80,0.146698,0.145963,0.346681,0.845784,0.078748,1,0.14661,7.1891677384203225,3.4657359027997265,4.394449154672439
wb_0486,#赵露思早期校园照##赵露思早期校园写真#赵露思早期校园照，17岁时候的赵露思就已经很漂亮了，那时候好水灵，真是等比例长大了,7528,484,139,0.354275,0.352219,0.469895,0.929777,0.140531,2,0.182913,8.926517509850122,6.184148890937483,4.941642422609304
wb_0487,小松菜奈校服写真,1121,15,98,0.525688,0.523314,0.492834,0.947302,0.142255,1,0.525669,7.022868086082641,2.772588722239781,4.59511985013459
wb_0488,"橹穆超话 捡📱《我的守护神是个混的入》2️⃣
校园乖乖橹x社会混的穆
twi体丨背现丨ooc致歉

你王橹杰我穆祉丞护定了😼

*第一次写真的没想到会有那么多宝宝看，我会努力产出的！女神们也可以多提提意见 专栏 · 橹橹穆穆的热恋时空",520,211,9,0.006728,0.010341,0.069345,0.784599,0.427185,3,0.006195,6.255750041753367,5.356586274672012,2.302585092994046
wb_0489,"#少女写真##次元充电站#
📔
“ 老师…可以帮我辅导一下作业吗？”

出镜：@河豚抚子 防走丢：@抚子小宝
📹：@逆命命MinG

🧱➕关揪1⃣️bb全图

全34p见评解锁🔓",1645,144,661,0.406975,0.404724,0.482627,0.928087,0.085741,1,0.406934,7.406103381237015,4.976733742420574,6.495265555937008
wb_0490,"#田曦薇早期写真# 猜你想看田曦薇早期写真
这样一张脸最美也是应该✌🏻就是美得不行了
田曦薇早期日系写真也是轻轻松松美到我好吗！！果然人好看怎么都好看哈🥹🥹🥹

#田曦薇早期日系写真# /#田曦薇校园时期美貌就被认证#",440,33,234,0.561905,0.559127,0.489984,0.958739,0.270928,1,0.561896,6.089044875446846,3.5263605246161616,5.459585514144159
wb_0491,是什么神仙学校呀 给我们拍写真 2哈尔滨·哈尔滨医科大学,352,86,24,0.347734,0.346213,0.470943,0.929789,0.140294,1,0.347731,5.8664680569332965,4.465908118654584,3.218875824868201
wb_0492,"#萤火虫动漫游戏嘉年华##学园偶像大师##秦谷美铃#
您好，有见到我们家手毬酱吗？
摄影：@NeKoL_蔚蓝",465,37,118,0.345284,0.343557,0.467688,0.939288,0.085698,1,0.345284,6.144185634125646,3.6375861597263857,4.77912349311153
wb_0493,少女毕业写真～,905,39,89,0.328819,0.327793,0.463814,0.911642,0.226715,1,0.328724,6.80903930604298,3.688879454113936,4.499809670330265
wb_0494,在山大的第一组写真 2济南·山东大学软件园校区,144,22,2,0.397273,0.393172,0.479157,0.944739,0.161725,1,0.397272,4.976733742420574,3.1354942159291497,1.0986122886681098
wb_0495,"#毕业季的风吹到了重庆校园##定格重庆学子最代表青春的画面#
毕业季的风已吹进重庆校园，想定格青春瞬间，拍出氛围感拉满的毕业写真？小渝这就送上超实用打卡教程，带你解锁“@重庆医科大学 小欧洲”，拍出专属你的最代表青春大片！#毕业vlog#",465,80,31,0.14335,0.142849,0.344178,0.86965,0.214951,2,0.072215,6.144185634125646,4.394449154672439,3.4657359027997265
wb_0496,"#拍照##少女写真##jk日常##jk#

《秋》

出镜/后期:@小梦coser @coser小梦酱
摄影:@无聊的局外人wen",890,94,262,0.234247,0.229786,0.408174,0.913315,0.020251,3,0.22139,6.792344427470809,4.553876891600541,5.572154032177765
wb_0497,"#文理女孩# 夏末的风裹着草叶的软香，落进她垂落的发梢里。白衫像揉皱又铺平的云，漫不经心地裹着松弛的午后，连长椅的木纹都浸着浅淡的闲意。
模特｜曾小娟
拍摄｜雷烨菲
编辑｜谢卓言",217,119,286,0.34033,0.339247,0.469957,0.928778,0.342967,1,0.340329,5.384495062789089,4.787491742782046,5.659482215759621
wb_0498,"“你从前总是很小心
问我借半块橡皮”

💌K同桌的你

#张凌赫青春校园风造型# / #张凌赫校服写真#",520,145,243,0.437603,0.435777,0.488996,0.951738,0.185449,1,0.437603,6.255750041753367,4.983606621708336,5.497168225293202
wb_0499,🌸～,577,17,18,0.413937,0.407398,0.467465,0.948169,0.319047,2,0.404607,6.359573868672378,2.8903717578961645,2.9444389791664403
wb_0500,"宝宝你duangduang的 只有小兔子才会这样 ₍ᐢ..ᐢ₎

#青年演员刘耀文#",404,75,121,0.357685,0.358726,0.470565,0.916592,0.345783,2,0.357207,6.003887067106539,4.330733340286331,4.804021044733257
