source,target,post_id,mention_count
6272607759,1860563805,wb_0056,1
7707462078,3023889587,wb_0089,1
6215719995,2440179153,wb_0093,1
1668277257,5093197136,wb_0108,1
1668277257,3009160464,wb_0108,1
1740522895,2712305611,wb_0109,1
1642512402,1642512402,wb_0128,1
7576763718,7953352786,wb_0142,1
7610808848,6387099968,wb_0184,1
2837606470,3786649467,wb_0191,1
7818785784,1249629725,wb_0197,1
7837302744,7837302744,wb_0201,1
7837302744,5709559214,wb_0201,1
7837302744,3252743925,wb_0201,1
7837302744,6579089037,wb_0201,1
1275418863,1872969420,wb_0244,1
2002400427,6788591973,wb_0250,1
6420654776,5926318749,wb_0254,1
6420654776,5926318749,wb_0258,1
2002400427,5926318749,wb_0269,1
6420654776,5926318749,wb_0271,1
6420654776,5926318749,wb_0276,1
6420654776,5926318749,wb_0282,1
6420654776,5926318749,wb_0283,1
6420654776,5926318749,wb_0294,1
6021695822,5109911143,wb_0302,1
6021695822,1866863440,wb_0302,1
3975643097,6130308737,wb_0317,1
2397417584,1355747763,wb_0337,1
7467277921,3217179555,wb_0393,1
3217035437,1895853012,wb_0407,1
3217035437,5945412788,wb_0412,1
6043094979,2492431184,wb_0418,1
6222573624,1307418975,wb_0419,1
1780449083,2471274504,wb_0422,1
2033204117,2308711352,wb_0434,1
5365378896,1813620273,wb_0435,1
2937990707,2937990707,wb_0437,1
6001863056,1350995007,wb_0453,1
7965601889,2429847045,wb_0457,1
2376796901,6387099968,wb_0465,1
6580670764,2749134091,wb_0470,1
7495586781,2447034645,wb_0474,1
5861669187,1259110474,wb_0478,1
5861669187,2616380702,wb_0478,1
5861669187,5331040243,wb_0478,1
5861669187,9040986666,wb_0478,1
5861669187,2731728324,wb_0478,1
5861669187,5902696506,wb_0478,1
5789387121,7796947184,wb_0489,1
5789387121,5129874601,wb_0489,1
2136848625,5627055948,wb_0492,1
1986249493,3222854454,wb_0495,1
6126403279,5830932975,wb_0496,1
6126403279,6126403279,wb_0496,1
6126403279,7711143462,wb_0496,1
