source,target,relation,weight
1275418863,1872969420,mention,1
1642512402,1642512402,mention,1
1668277257,3009160464,mention,1
1668277257,5093197136,mention,1
1740522895,2712305611,mention,1
1780449083,2471274504,mention,1
1986249493,3222854454,mention,1
2002400427,5926318749,mention,1
2002400427,6788591973,mention,1
2033204117,2308711352,mention,1
2136848625,5627055948,mention,1
2376796901,6387099968,mention,1
2397417584,1355747763,mention,1
2837606470,3786649467,mention,1
2937990707,2937990707,mention,1
3217035437,1895853012,mention,1
3217035437,5945412788,mention,1
3975643097,6130308737,mention,1
5365378896,1813620273,mention,1
5789387121,5129874601,mention,1
5789387121,7796947184,mention,1
5861669187,1259110474,mention,1
5861669187,2616380702,mention,1
5861669187,2731728324,mention,1
5861669187,5331040243,mention,1
5861669187,5902696506,mention,1
5861669187,9040986666,mention,1
6001863056,1350995007,mention,1
6021695822,1866863440,mention,1
6021695822,5109911143,mention,1
6043094979,2492431184,mention,1
6126403279,5830932975,mention,1
6126403279,6126403279,mention,1
6126403279,7711143462,mention,1
6215719995,2440179153,mention,1
6222573624,1307418975,mention,1
6272607759,1860563805,mention,1
6420654776,5926318749,mention,7
6580670764,2749134091,mention,1
7467277921,3217179555,mention,1
7495586781,2447034645,mention,1
7576763718,7953352786,mention,1
7610808848,6387099968,mention,1
7707462078,3023889587,mention,1
7818785784,1249629725,mention,1
7837302744,3252743925,mention,1
7837302744,5709559214,mention,1
7837302744,6579089037,mention,1
7837302744,7837302744,mention,1
7965601889,2429847045,mention,1
