mentioned_username,target_uid,target_username,match_status,source,verified
罗云熙Leo,1860563805,罗云熙Leo,matched,weibo_profile,True
王星越,3023889587,王星越,matched,weibo_profile,True
宋祖儿lareina,2440179153,宋祖儿lareina,matched,weibo_profile,True
三金西瓜霜,5093197136,三金西瓜霜,matched,weibo_profile,True
香香美食,3009160464,香香美食,matched,weibo_profile,True
丁禹兮,2712305611,丁禹兮,matched,weibo_profile,True
尚公主官微,7953352786,尚公主官微,matched,weibo_profile,True
张婧仪,6387099968,张婧仪,matched,weibo_profile,True
GDRAGON_OFFICIAL,3786649467,GDRAGON_OFFICIAL,matched,weibo_profile,True
王阳0313,1249629725,王阳0313,matched,weibo_profile,True
微博明星,5709559214,微博明星,matched,weibo_profile,True
微博音乐,3252743925,微博音乐,matched,weibo_profile,True
微博演出,6579089037,微博演出,matched,weibo_profile,True
可ke达鸭,1872969420,可ke达鸭,matched,weibo_profile,True
我叫猫天天,5109911143,我叫猫天天,matched,weibo_profile,True
阿里巴巴公益,1866863440,阿里巴巴公益,matched,weibo_profile,True
盼儿光儿成为你心中的一根刺,6130308737,盼儿光儿成为你心中的一根刺,matched,weibo_profile,True
老是十八弟,1355747763,老是十八弟,matched,weibo_profile,True
回忆专用小马甲,3217179555,回忆专用小马甲,matched,weibo_profile,True
陈半厨,1895853012,陈半厨,matched,weibo_profile,True
飘飘呐,5945412788,飘飘呐,matched,weibo_profile,True
TiffanyAndCo蒂芙尼,2492431184,TiffanyAndCo蒂芙尼,matched,weibo_profile,True
谭松韵seven,1307418975,谭松韵seven,matched,weibo_profile,True
摄影师NANA-C,2471274504,摄影师NANA-C,matched,weibo_profile,True
喜庆少女,2308711352,喜庆少女,matched,weibo_profile,True
赖雨濛,1813620273,赖雨濛,matched,weibo_profile,True
阿敏写真馆,,,not_found,,False
我是娜扎,1350995007,我是娜扎,matched,weibo_profile,True
_TheMoon,2429847045,_TheMoon,matched,weibo_profile,True
-沈小婷-,2749134091,-沈小婷-,matched,weibo_profile,True
_小昊同学_,,,not_found,,False
THEO-朱正廷,2447034645,THEO-朱正廷,matched,weibo_profile,True
赵丽颖,1259110474,赵丽颖,matched,weibo_profile,True
白鹿my,2616380702,白鹿my,matched,weibo_profile,True
沈月,5331040243,沈月,matched,weibo_profile,True
赵露思的微博,9040986666,赵露思的微博,matched,weibo_profile,True
王鹤棣_Dylan,2731728324,王鹤棣_Dylan,matched,weibo_profile,True
时代少年团-贺峻霖,5902696506,时代少年团-贺峻霖,matched,weibo_profile,True
INTO1-周柯宇,,,not_found,,False
INTO1-尹浩宇,,,not_found,,False
河豚抚子,,,not_found,,False
抚子小宝,7796947184,抚子小宝,matched,weibo_profile,True
逆命命MinG,5129874601,逆命命MinG,matched,weibo_profile,True
NeKoL_蔚蓝,5627055948,NeKoL_蔚蓝,matched,weibo_profile,True
重庆医科大学,3222854454,重庆医科大学,matched,weibo_profile,True
小梦coser,5830932975,小梦coser,matched,weibo_profile,True
无聊的局外人wen,7711143462,无聊的局外人wen,matched,weibo_profile,True
