image_id,source_uid,mentioned_username,mention_count,relation
wb_0056,6272607759,罗云熙Leo,1,mention
wb_0089,7707462078,王星越,1,mention
wb_0093,6215719995,宋祖儿lareina,1,mention
wb_0108,1668277257,三金西瓜霜,1,mention
wb_0108,1668277257,香香美食,1,mention
wb_0109,1740522895,丁禹兮,1,mention
wb_0128,1642512402,中国新闻周刊,1,mention
wb_0142,7576763718,尚公主官微,1,mention
wb_0184,7610808848,张婧仪,1,mention
wb_0191,2837606470,GDRAGON_OFFICIAL,1,mention
wb_0197,7818785784,王阳0313,1,mention
wb_0201,7837302744,于适工作室,1,mention
wb_0201,7837302744,微博明星,1,mention
wb_0201,7837302744,微博音乐,1,mention
wb_0201,7837302744,微博演出,1,mention
wb_0244,1275418863,可ke达鸭,1,mention
wb_0250,2002400427,玉玊则不汏,1,mention
wb_0254,6420654776,CristianoRonaldo,1,mention
wb_0258,6420654776,CristianoRonaldo,1,mention
wb_0269,2002400427,CristianoRonaldo,1,mention
wb_0271,6420654776,CristianoRonaldo,1,mention
wb_0276,6420654776,CristianoRonaldo,1,mention
wb_0282,6420654776,CristianoRonaldo,1,mention
wb_0283,6420654776,CristianoRonaldo,1,mention
wb_0294,6420654776,CristianoRonaldo,1,mention
wb_0302,6021695822,我叫猫天天,1,mention
wb_0302,6021695822,阿里巴巴公益,1,mention
wb_0317,3975643097,盼儿光儿成为你心中的一根刺,1,mention
wb_0337,2397417584,老是十八弟,1,mention
wb_0393,7467277921,回忆专用小马甲,1,mention
wb_0407,3217035437,陈半厨,1,mention
wb_0412,3217035437,飘飘呐,1,mention
wb_0418,6043094979,TiffanyAndCo蒂芙尼,1,mention
wb_0419,6222573624,谭松韵seven,1,mention
wb_0422,1780449083,摄影师NANA-C,1,mention
wb_0434,2033204117,喜庆少女,1,mention
wb_0435,5365378896,赖雨濛,1,mention
wb_0437,2937990707,Lila-阿敏,1,mention
wb_0437,2937990707,阿敏写真馆,1,mention
wb_0453,6001863056,我是娜扎,1,mention
wb_0457,7965601889,_TheMoon,1,mention
wb_0465,2376796901,张婧仪,1,mention
wb_0470,6580670764,-沈小婷-,1,mention
wb_0472,1823562625,_小昊同学_,1,mention
wb_0474,7495586781,THEO-朱正廷,1,mention
wb_0478,5861669187,赵丽颖,1,mention
wb_0478,5861669187,白鹿my,1,mention
wb_0478,5861669187,沈月,1,mention
wb_0478,5861669187,赵露思的微博,1,mention
wb_0478,5861669187,王鹤棣_Dylan,1,mention
wb_0478,5861669187,时代少年团-贺峻霖,1,mention
wb_0478,5861669187,INTO1-周柯宇,1,mention
wb_0478,5861669187,INTO1-尹浩宇,1,mention
wb_0489,5789387121,河豚抚子,1,mention
wb_0489,5789387121,抚子小宝,1,mention
wb_0489,5789387121,逆命命MinG,1,mention
wb_0492,2136848625,NeKoL_蔚蓝,1,mention
wb_0495,1986249493,重庆医科大学,1,mention
wb_0496,6126403279,小梦coser,1,mention
wb_0496,6126403279,coser小梦酱,1,mention
wb_0496,6126403279,无聊的局外人wen,1,mention
