node_id,user_name,post_count,in_degree,out_degree,degree,pagerank,betweenness
1041705884,雷淞然,1,0,0,0,0.00206447,0.0
1164100672,青春影视偶像,1,0,0,0,0.00206447,0.0
1168377245,胡永平,1,0,0,0,0.00206447,0.0
1188472987,科技数码秀,1,0,0,0,0.00206447,0.0
1195908387,佳佳的奇妙冒险,1,0,0,0,0.00206447,0.0
1220978545,周燕妮,1,0,0,0,0.00206447,0.0
1232221900,时装LOFFICIEL,1,0,0,0,0.00206447,0.0
1243428715,马家辉在香港,1,0,0,0,0.00206447,0.0
1246229612,毛晓彤,1,0,0,0,0.00206447,0.0
1249629725,王阳0313,0,1,0,1,0.00381965,0.0
1259110474,赵丽颖,0,1,0,1,0.002357,0.0
1275418863,阿根廷往事,1,0,1,1,0.00206447,0.0
1279776120,王传君,1,0,0,0,0.00206447,0.0
1285478591,徐文兵,2,0,0,0,0.00206447,0.0
1286189071,两色风景嘎,2,0,0,0,0.00206447,0.0
1291471320,成都下水道,1,0,0,0,0.00206447,0.0
1293980032,百花香帅,1,0,0,0,0.00206447,0.0
1296175111,立威廉,1,0,0,0,0.00206447,0.0
1296234914,陈楚生,1,0,0,0,0.00206447,0.0
1297975973,宠物摄影师-克查,2,0,0,0,0.00206447,0.0
1306484861,大胖大胖,2,0,0,0,0.00206447,0.0
1307418975,谭松韵seven,0,1,0,1,0.00381965,0.0
1316949123,娄艺潇,1,0,0,0,0.00206447,0.0
1350995007,我是娜扎,0,1,0,1,0.00381965,0.0
1355747763,老是十八弟,0,1,0,1,0.00381965,0.0
1357064103,交易者简放,1,0,0,0,0.00206447,0.0
1369641345,张臻东,1,0,0,0,0.00206447,0.0
1497609517,敖铭,1,0,0,0,0.00206447,0.0
1554226303,高彦Will,1,0,0,0,0.00206447,0.0
1595443924,科技小辛,1,0,0,0,0.00206447,0.0
1615228127,_白鹿的小猪崽,1,0,0,0,0.00206447,0.0
1618051664,头条新闻,1,0,0,0,0.00206447,0.0
1631864590,Lipohui,1,0,0,0,0.00206447,0.0
1642464421,michael5,1,0,0,0,0.00206447,0.0
1642512402,中国新闻周刊,1,1,1,2,0.01317471,0.0
1642634100,新浪科技,1,0,0,0,0.00206447,0.0
1645599505,纽太普同学,1,0,0,0,0.00206447,0.0
1647256370,少女囤货日记,1,0,0,0,0.00206447,0.0
1649679354,初晓敏,1,0,0,0,0.00206447,0.0
1668277257,栗栗逛吃日记,1,0,2,2,0.00206447,0.0
1671109627,包容万物恒河水,1,0,0,0,0.00206447,0.0
1675195083,周佑凌Shawn,1,0,0,0,0.00206447,0.0
1686709997,反裤衩阵地,1,0,0,0,0.00206447,0.0
1687426162,烟波里的棠,1,0,0,0,0.00206447,0.0
1687813073,李建秋的世界,1,0,0,0,0.00206447,0.0
1719397245,JaniceMan文咏珊,1,0,0,0,0.00206447,0.0
1736988591,卡布叻_周深,1,0,0,0,0.00206447,0.0
1737663587,杨笑汝,1,0,0,0,0.00206447,0.0
1737850362,duck_ye,1,0,0,0,0.00206447,0.0
1740522895,新浪厦门,1,0,1,1,0.00206447,0.0
1742194724,Chris邱宇辰,1,0,0,0,0.00206447,0.0
1743023794,张杰工作室,1,0,0,0,0.00206447,0.0
1749127163,雷军,1,0,0,0,0.00206447,0.0
1749156250,aki猫咪,1,0,0,0,0.00206447,0.0
1750270991,陈震同学,1,0,0,0,0.00206447,0.0
1767735682,半壁Bambi,1,0,0,0,0.00206447,0.0
1774840083,种地吧李昊,1,0,0,0,0.00206447,0.0
1780449083,张沫凡MOMO,1,0,1,1,0.00206447,0.0
1782488734,_warma_,1,0,0,0,0.00206447,0.0
1784213863,何宣林350,1,0,0,0,0.00206447,0.0
1788857141,鸭圣婆,2,0,0,0,0.00206447,0.0
1791873284,许靖韵Angela,1,0,0,0,0.00206447,0.0
1797539504,曾沛慈,1,0,0,0,0.00206447,0.0
1811903663,徐若晗cici,1,0,0,0,0.00206447,0.0
1813620273,赖雨濛,0,1,0,1,0.00381965,0.0
1816029971,CNU_blank,4,0,0,0,0.00206447,0.0
1821525001,王霏霏Fei,1,0,0,0,0.00206447,0.0
1823562625,一KRMIJA一,1,0,0,0,0.00206447,0.0
1827344001,马小婷的好嫁风,1,0,0,0,0.00206447,0.0
1842706721,里神楽,1,0,0,0,0.00206447,0.0
1850017837,史老柒,1,0,0,0,0.00206447,0.0
1856404484,凤凰网科技,1,0,0,0,0.00206447,0.0
1860563805,罗云熙Leo,0,1,0,1,0.00381965,0.0
1866863440,阿里巴巴公益,0,1,0,1,0.00294206,0.0
1872969420,可ke达鸭,0,1,0,1,0.00381965,0.0
1875293522,卢克文,1,0,0,0,0.00206447,0.0
1891679502,嗑颜bot,1,0,0,0,0.00206447,0.0
1895853012,陈半厨,0,1,0,1,0.00294206,0.0
1898883457,雷晨leichen,5,0,0,0,0.00206447,0.0
1917488115,赵子龙之云看盘,1,0,0,0,0.00206447,0.0
1930723113,Jokielicious,1,0,0,0,0.00206447,0.0
1947117325,李知恩-IU,1,0,0,0,0.00206447,0.0
1951625194,爱酱在大阪,1,0,0,0,0.00206447,0.0
1954778190,Vinida万妮达,1,0,0,0,0.00206447,0.0
1970856674,温柔时光SZ,1,0,0,0,0.00206447,0.0
1978220107,-侯小西,2,0,0,0,0.00206447,0.0
1979899604,educational-,1,0,0,0,0.00206447,0.0
1986249493,重庆校园,1,0,1,1,0.00206447,0.0
2001717811,江西风景独好,4,0,0,0,0.00206447,0.0
2002400427,鸡肉干贝粥,6,0,2,2,0.00206447,0.0
2008062861,格调Sam总,1,0,0,0,0.00206447,0.0
2013006481,亢岳,1,0,0,0,0.00206447,0.0
2016701415,丫丫黄芳,2,0,0,0,0.00206447,0.0
2017083773,张昕懿,1,0,0,0,0.00206447,0.0
2018925253,赵雅芝,1,0,0,0,0.00206447,0.0
2028810631,新浪新闻,2,0,0,0,0.00206447,0.0
2033204117,文不叮_,1,0,1,1,0.00206447,0.0
2066540507,一支格桑,1,0,0,0,0.00206447,0.0
2080115155,黎姿,1,0,0,0,0.00206447,0.0
2081334631,怎么又剧荒了,1,0,0,0,0.00206447,0.0
2090591961,美食家大雄,3,0,0,0,0.00206447,0.0
2099166537,无须豆蔻,1,0,0,0,0.00206447,0.0
2104938481,屁屁挖掘机,1,0,0,0,0.00206447,0.0
2108922361,宝藏男孩程小天,1,0,0,0,0.00206447,0.0
2113917685,__七面相,1,0,0,0,0.00206447,0.0
2114385034,汪順Steve,1,0,0,0,0.00206447,0.0
2136848625,一般可爱人鱼鱼,1,0,1,1,0.00206447,0.0
2139949234,飞扬军事铁背心,1,0,0,0,0.00206447,0.0
2201915244,Messifanobserver,4,0,0,0,0.00206447,0.0
2217048775,2楼哎呦喂多多,1,0,0,0,0.00206447,0.0
2217066377,梅西和大空翼,1,0,0,0,0.00206447,0.0
2219969573,祝绪丹Bambi,1,0,0,0,0.00206447,0.0
2295281083,嘤嘤嘤哭泣的小绵羊,1,0,0,0,0.00206447,0.0
2308711352,喜庆少女,0,1,0,1,0.00381965,0.0
2318910945,新浪热点,1,0,0,0,0.00206447,0.0
2352402774,Legirlhaha,2,0,0,0,0.00206447,0.0
2376796901,JOYLAND·张婧仪,1,0,1,1,0.00206447,0.0
2389216887,许皓皓King,1,0,0,0,0.00206447,0.0
2397417584,峰哥亡命天涯,2,0,1,1,0.00206447,0.0
2427613143,欧洲足球记录者,1,0,0,0,0.00206447,0.0
2429847045,_TheMoon,0,1,0,1,0.00381965,0.0
2440179153,宋祖儿lareina,0,1,0,1,0.00381965,0.0
2447034645,THEO-朱正廷,0,1,0,1,0.00381965,0.0
2462729450,传说中的蕙蕙,1,0,0,0,0.00206447,0.0
2471274504,摄影师NANA-C,0,1,0,1,0.00381965,0.0
2485664410,Sunnee杨芸晴,1,0,0,0,0.00206447,0.0
2492431184,TiffanyAndCo蒂芙尼,0,1,0,1,0.00381965,0.0
2508053484,腾讯QQ,1,0,0,0,0.00206447,0.0
2526864315,六金yE,1,0,0,0,0.00206447,0.0
2530044752,-Onifan,1,0,0,0,0.00206447,0.0
2530520950,风吹铃铛响叮叮,1,0,0,0,0.00206447,0.0
2538379845,JDG_无双,1,0,0,0,0.00206447,0.0
2549228714,英国那些事儿,1,0,0,0,0.00206447,0.0
2560497310,渡边小鲜肉,1,0,0,0,0.00206447,0.0
2577139143,亭林镇无业青年,1,0,0,0,0.00206447,0.0
2602644737,米兔的韩流生活,1,0,0,0,0.00206447,0.0
2608419283,邢昭林,1,0,0,0,0.00206447,0.0
2616380702,白鹿my,0,1,0,1,0.002357,0.0
2649937185,山猪嚼细糠,1,0,0,0,0.00206447,0.0
2690465144,李有病LLL,1,0,0,0,0.00206447,0.0
2705589884,张艺凡,1,0,0,0,0.00206447,0.0
2712305611,丁禹兮,0,1,0,1,0.00381965,0.0
2723696301,对山堂卧观云泥,1,0,0,0,0.00206447,0.0
2731728324,王鹤棣_Dylan,0,1,0,1,0.002357,0.0
2749134091,-沈小婷-,0,1,0,1,0.00381965,0.0
2766575417,听月娱乐,1,0,0,0,0.00206447,0.0
2786726492,一只可爱珣,1,0,0,0,0.00206447,0.0
2803301701,人民日报,1,0,0,0,0.00206447,0.0
2837606470,权志龙_FAMHOME,1,0,1,1,0.00206447,0.0
2878547282,_FANAF,2,0,0,0,0.00206447,0.0
2885273312,人可何的何可儿,1,0,0,0,0.00206447,0.0
2891416631,matemia,1,0,0,0,0.00206447,0.0
2909406375,星娱酱,1,0,0,0,0.00206447,0.0
2922371351,OK小萌子,1,0,0,0,0.00206447,0.0
2937990707,Lila-阿敏,1,1,1,2,0.01317471,0.0
2992978081,喻言_Yuyan,1,0,0,0,0.00206447,0.0
3009160464,香香美食,0,1,0,1,0.00294206,0.0
3011739161,佳能PhotoGirls,1,0,0,0,0.00206447,0.0
3023889587,王星越,0,1,0,1,0.00381965,0.0
3051163592,潘薇音,1,0,0,0,0.00206447,0.0
3071219120,成都文理学院,1,0,0,0,0.00206447,0.0
3082731712,萌宠物爱宝宝,2,0,0,0,0.00206447,0.0
3089487123,伊利达雷之怒,1,0,0,0,0.00206447,0.0
3098510521,英国足球那点事,1,0,0,0,0.00206447,0.0
3174997853,陈吃吃,1,0,0,0,0.00206447,0.0
3202067032,林中落夕Y,1,0,0,0,0.00206447,0.0
3206710655,MOON摄影工作室,1,0,0,0,0.00206447,0.0
3217035437,-梁小萌,7,0,2,2,0.00206447,0.0
3217179555,回忆专用小马甲,0,1,0,1,0.00381965,0.0
3217742437,每阅,8,0,0,0,0.00206447,0.0
3222854454,重庆医科大学,0,1,0,1,0.00381965,0.0
3252743925,微博音乐,0,1,0,1,0.00262171,0.0
3292333231,季雨少女,1,0,0,0,0.00206447,0.0
3317704373,牛师傅Goat,2,0,0,0,0.00206447,0.0
3412668714,小武拉莫,1,0,0,0,0.00206447,0.0
3505975850,全是狗狗啊,1,0,0,0,0.00206447,0.0
3541413702,壁纸唐酱,1,0,0,0,0.00206447,0.0
3543420821,八座金球两座劳伦斯,1,0,0,0,0.00206447,0.0
3645047981,尹鸽-,1,0,0,0,0.00206447,0.0
3661730413,线条小姐姐,1,0,0,0,0.00206447,0.0
3671879202,氪星小狗领养手册,1,0,0,0,0.00206447,0.0
3725773862,会火,1,0,0,0,0.00206447,0.0
3736549051,-鱼九九-,1,0,0,0,0.00206447,0.0
3759235317,CrisM_,1,0,0,0,0.00206447,0.0
3778125742,Sraint-,1,0,0,0,0.00206447,0.0
3786649467,GDRAGON_OFFICIAL,0,1,0,1,0.00381965,0.0
3829981184,潘珺雅,1,0,0,0,0.00206447,0.0
3847642518,麦子哥哥QaQ,1,0,0,0,0.00206447,0.0
3905581452,CDJHkkkkkkkYNL,1,0,0,0,0.00206447,0.0
3917019574,星仔咕噜,1,0,0,0,0.00206447,0.0
3973292213,钱多多向前,1,0,0,0,0.00206447,0.0
3975643097,哩哩嘛嘛哄哄阿拉霍洞开_Li,1,0,1,1,0.00206447,0.0
3984820686,嘟嘀嘀嗒噜,1,0,0,0,0.00206447,0.0
5020552519,战小妙,1,0,0,0,0.00206447,0.0
5033845034,cheese会陪CR7走到最后,1,0,0,0,0.00206447,0.0
5070705161,球圈大白,1,0,0,0,0.00206447,0.0
5073735131,歐陽娣娣Didi,1,0,0,0,0.00206447,0.0
5082671548,肥美哒Mia,1,0,0,0,0.00206447,0.0
5093197136,三金西瓜霜,0,1,0,1,0.00294206,0.0
5105918072,言寺OVO,1,0,0,0,0.00206447,0.0
5109911143,我叫猫天天,0,1,0,1,0.00294206,0.0
5114662370,雨林阿瓦隆,1,0,0,0,0.00206447,0.0
5129369274,今天可以吃主人了吗,1,0,0,0,0.00206447,0.0
5129874601,逆命命MinG,0,1,0,1,0.00294206,0.0
5147506552,365天美食推荐,1,0,0,0,0.00206447,0.0
5225353191,图文壁纸所,1,0,0,0,0.00206447,0.0
5226302309,水老师_,1,0,0,0,0.00206447,0.0
5243539958,樱花少女,1,0,0,0,0.00206447,0.0
5250260756,家里有八个金球,6,0,0,0,0.00206447,0.0
5305769664,一纸Wallpaper,1,0,0,0,0.00206447,0.0
5311962099,Jinsiqqq_,1,0,0,0,0.00206447,0.0
5312798977,劈叉博主,1,0,0,0,0.00206447,0.0
5331040243,沈月,0,1,0,1,0.002357,0.0
5351736976,热门无水印壁纸,1,0,0,0,0.00206447,0.0
5365378896,天航工作室,1,0,1,1,0.00206447,0.0
5395397567,王一博_WYBBar,1,0,0,0,0.00206447,0.0
5407752409,邱鼎杰_kipuka,1,0,0,0,0.00206447,0.0
5407978252,B612星球的王妃,1,0,0,0,0.00206447,0.0
5428423860,_FirstSnow,7,0,0,0,0.00206447,0.0
5488967195,糖罐麻子,1,0,0,0,0.00206447,0.0
5490234918,天草_王允宸,1,0,0,0,0.00206447,0.0
5531506227,Qsjzkedll,1,0,0,0,0.00206447,0.0
5543176559,日本沙雕日常,1,0,0,0,0.00206447,0.0
5561594709,AG菲菲,1,0,0,0,0.00206447,0.0
5572174910,烧心猛龙,1,0,0,0,0.00206447,0.0
5574911608,人间冷暖Lens,1,0,0,0,0.00206447,0.0
5585319407,边牧陈贝拉,2,0,0,0,0.00206447,0.0
5593495578,柯铭和四只熊孩子,1,0,0,0,0.00206447,0.0
5600540896,霜霜霜霜霜雪,1,0,0,0,0.00206447,0.0
5607826030,冯建宇DTX,1,0,0,0,0.00206447,0.0
5613518768,芒大脸,1,0,0,0,0.00206447,0.0
5620284075,一抹金_,1,0,0,0,0.00206447,0.0
5623393775,4UN4ME,1,0,0,0,0.00206447,0.0
5625765940,coco陈芷琰,1,0,0,0,0.00206447,0.0
5627055948,NeKoL_蔚蓝,0,1,0,1,0.00381965,0.0
5634753105,老炭头,1,0,0,0,0.00206447,0.0
5652931278,KisssYu,1,0,0,0,0.00206447,0.0
5665162965,真香课代表,1,0,0,0,0.00206447,0.0
5675449379,少女爱丽丝,1,0,0,0,0.00206447,0.0
5679399630,英雄联盟神吐槽,1,0,0,0,0.00206447,0.0
5689332586,是謝瓜瓜,1,0,0,0,0.00206447,0.0
5709559214,微博明星,0,1,0,1,0.00262171,0.0
5730240854,哪有位zhi,1,0,0,0,0.00206447,0.0
5765378903,小羊爱吃酱肘子,1,0,0,0,0.00206447,0.0
5767049948,陈靖可,2,0,0,0,0.00206447,0.0
5789352900,文案小公主·,1,0,0,0,0.00206447,0.0
5789387121,小抚-,2,0,2,2,0.00206447,0.0
5808245133,刘星宇ii,2,0,0,0,0.00206447,0.0
5815418630,森明柳柳,1,0,0,0,0.00206447,0.0
5819094011,hsbduxbsishn,1,0,0,0,0.00206447,0.0
5830932975,小梦coser,0,1,0,1,0.00288092,0.0
5833749881,NPG日暮里官方微博,1,0,0,0,0.00206447,0.0
5861669187,VOGUEplus,1,0,6,6,0.00206447,0.0
5864239282,广州TTG小胖__,2,0,0,0,0.00206447,0.0
5886277725,nnnxy_,1,0,0,0,0.00206447,0.0
5889909346,老依你好,1,0,0,0,0.00206447,0.0
5902696506,时代少年团-贺峻霖,0,1,0,1,0.002357,0.0
5926318749,CristianoRonaldo,1,2,0,2,0.00469723,0.0
5926660141,BLG电子竞技俱乐部,1,0,0,0,0.00206447,0.0
5939204645,多樂,1,0,0,0,0.00206447,0.0
5945412788,飘飘呐,0,1,0,1,0.00294206,0.0
5948723938,希林娜依高,1,0,0,0,0.00206447,0.0
5953944527,DYG王者荣耀分部,1,0,0,0,0.00206447,0.0
5955730111,蓝枫1908,1,0,0,0,0.00206447,0.0
5965812244,粉粉要打烊了,1,0,0,0,0.00206447,0.0
5966662283,左梓轩_Xleft,1,0,0,0,0.00206447,0.0
5972505998,百万狼哥,1,0,0,0,0.00206447,0.0
5987057408,赵嘉敏儿,1,0,0,0,0.00206447,0.0
5992947005,荒野女巫TAKO酱,1,0,0,0,0.00206447,0.0
5994688849,十级杠精王铁锤,1,0,0,0,0.00206447,0.0
6001863056,娜扎工作室,1,0,1,1,0.00206447,0.0
6019925746,酸甜小皮蛋,1,0,0,0,0.00206447,0.0
6021695822,袁一琦each,1,0,2,2,0.00206447,0.0
6043094979,TangStyle丨唐嫣的衣橱,1,0,1,1,0.00206447,0.0
6065301364,网友小氢,1,0,0,0,0.00206447,0.0
6092853501,她与灯,1,0,0,0,0.00206447,0.0
6101852007,IR氢,1,0,0,0,0.00206447,0.0
6107563095,快乐星球姜甜甜,1,0,0,0,0.00206447,0.0
6113513458,演员王彦桐,1,0,0,0,0.00206447,0.0
6124100893,猪堡_,1,0,0,0,0.00206447,0.0
6126403279,coser小梦酱,1,1,3,4,0.00288092,0.0
6130308737,盼儿光儿成为你心中的一根刺,0,1,0,1,0.00381965,0.0
6136354327,是一个脆皮敏感女,1,0,0,0,0.00206447,0.0
6142887469,ANYKHlNG,1,0,0,0,0.00206447,0.0
6153121801,迈阿密国际守梅者,3,0,0,0,0.00206447,0.0
6180100850,狼队王者荣耀分部,1,0,0,0,0.00206447,0.0
6180484076,讨坏型,1,0,0,0,0.00206447,0.0
6196040834,刘婆子是美女,1,0,0,0,0.00206447,0.0
6203188939,JZ周峻炜,1,0,0,0,0.00206447,0.0
6212333396,松雪闲,1,0,0,0,0.00206447,0.0
6215719995,宋祖儿工作室,1,0,1,1,0.00206447,0.0
6222573624,两小姐的便利贴,1,0,1,1,0.00206447,0.0
6232442780,纯情小白兔快乐生活,1,0,0,0,0.00206447,0.0
6243146585,上官美姨,1,0,0,0,0.00206447,0.0
6262641577,风草的摄影课,1,0,0,0,0.00206447,0.0
6272607759,罗云熙工作室,1,0,1,1,0.00206447,0.0
6272876985,一条闪耀大蟒蛇_,1,0,0,0,0.00206447,0.0
6276227682,liu_iiiiiirich,1,0,0,0,0.00206447,0.0
6285613043,Eliotpuka,1,0,0,0,0.00206447,0.0
6304429250,煎饼果仔-张问初,1,0,0,0,0.00206447,0.0
6305582542,主厨戴广坦,1,0,0,0,0.00206447,0.0
6315407086,猪蹄蹄pro,1,0,0,0,0.00206447,0.0
6320391439,咪咕体育,1,0,0,0,0.00206447,0.0
6324496427,要这身肉有何用哦,1,0,0,0,0.00206447,0.0
6344547711,拾取碎片,1,0,0,0,0.00206447,0.0
6347795321,上海EDGM柠栀,1,0,0,0,0.00206447,0.0
6352626891,地球oline发疯实录,1,0,0,0,0.00206447,0.0
6379039876,赵天杨yyyyy,1,0,0,0,0.00206447,0.0
6379847797,够了别再咯噔了,1,0,0,0,0.00206447,0.0
6380265569,黑敀,1,0,0,0,0.00206447,0.0
6381154659,涉谷由里日本,1,0,0,0,0.00206447,0.0
6383293935,广州TTG,1,0,0,0,0.00206447,0.0
6387099968,张婧仪,0,2,0,2,0.00557482,0.0
6388193945,写真匠,1,0,0,0,0.00206447,0.0
6420654776,Ronnie君,7,0,1,1,0.00206447,0.0
6425881183,摄影日课,1,0,0,0,0.00206447,0.0
6437735703,七八个圆,1,0,0,0,0.00206447,0.0
6437985705,unreal_tian,1,0,0,0,0.00206447,0.0
6440187348,馋嘴番茄酱,1,0,0,0,0.00206447,0.0
6441657735,十鸢里美-,1,0,0,0,0.00206447,0.0
6442235149,陈怡西瓜瓜瓜,1,0,0,0,0.00206447,0.0
6467800964,老曰子,1,0,0,0,0.00206447,0.0
6467976824,马勇说会计,1,0,0,0,0.00206447,0.0
6469067700,·小糖快跑,1,0,0,0,0.00206447,0.0
6475470500,暇落磕,1,0,0,0,0.00206447,0.0
6479869715,Kevin在纽约,1,0,0,0,0.00206447,0.0
6483039487,朵咩多咩,1,0,0,0,0.00206447,0.0
6502204514,李紫婷Mimi,1,0,0,0,0.00206447,0.0
6523666955,一切障碍克服了我,1,0,0,0,0.00206447,0.0
6538349091,闫桉,1,0,0,0,0.00206447,0.0
6541857592,通缉猫猫体,1,0,0,0,0.00206447,0.0
6545577536,王虎的舰桥,1,0,0,0,0.00206447,0.0
6554603444,老公我想要没有水印的,1,0,0,0,0.00206447,0.0
6558040566,RUTOTO,1,0,0,0,0.00206447,0.0
6560668913,Chills牙牙,1,0,0,0,0.00206447,0.0
6579089037,微博演出,0,1,0,1,0.00262171,0.0
6580670764,TOPCLASS娱乐,1,0,1,1,0.00206447,0.0
6588821515,克母鸡,1,0,0,0,0.00206447,0.0
6597024998,说给小爱神_,1,0,0,0,0.00206447,0.0
6618737705,Vamos_Argentina2030,1,0,0,0,0.00206447,0.0
6648501586,朱志鑫美食探索舰,1,0,0,0,0.00206447,0.0
6700634492,大猪蹄子研究所,1,0,0,0,0.00206447,0.0
6788591973,玉玊则不汏,3,1,0,1,0.00294206,0.0
6837278495,星星的治愈生活,1,0,0,0,0.00206447,0.0
6839422251,壮壮少吃一口吧,1,0,0,0,0.00206447,0.0
6871895822,演员陈添祥,1,0,0,0,0.00206447,0.0
6983976608,YourYourSMonster,1,0,0,0,0.00206447,0.0
6985771223,羽途Yutupm,1,0,0,0,0.00206447,0.0
6988794756,再来一口蛋黄酥_,1,0,0,0,0.00206447,0.0
6992207110,Eneendio0o3,1,0,0,0,0.00206447,0.0
7067234601,别来管我了ok,1,0,0,0,0.00206447,0.0
7123406769,达达达布溜,1,0,0,0,0.00206447,0.0
7160110296,六叔开球,1,0,0,0,0.00206447,0.0
7188930130,隔胳呜呜,1,0,0,0,0.00206447,0.0
7200019989,月见里暮,3,0,0,0,0.00206447,0.0
7207859241,今天梨涡了吗,1,0,0,0,0.00206447,0.0
7208224959,静瞰中,1,0,0,0,0.00206447,0.0
7212304859,姜十七Y,2,0,0,0,0.00206447,0.0
7240026510,来杯蜂蜜抽子,1,0,0,0,0.00206447,0.0
7244359737,去摘茉莉了,1,0,0,0,0.00206447,0.0
7267033993,一池泠碎,1,0,0,0,0.00206447,0.0
7301389190,米芋说,1,0,0,0,0.00206447,0.0
7324246186,霓虹非夜热,1,0,0,0,0.00206447,0.0
7334967244,小温爱吃烤红薯,1,0,0,0,0.00206447,0.0
7341744407,忘词大王林小喜,1,0,0,0,0.00206447,0.0
7352414725,Mr若离,1,0,0,0,0.00206447,0.0
7360633678,凉水入喉,1,0,0,0,0.00206447,0.0
7363481013,半截檀木,1,0,0,0,0.00206447,0.0
7364198138,信号原则,1,0,0,0,0.00206447,0.0
7365169809,在夏天想冬天的雪,1,0,0,0,0.00206447,0.0
7380722614,趣你的书小生,1,0,0,0,0.00206447,0.0
7413874412,JDG_光明y,1,0,0,0,0.00206447,0.0
7428272761,黑猫耀祖男之母,1,0,0,0,0.00206447,0.0
7438732628,Cla_方露璇,1,0,0,0,0.00206447,0.0
7449968177,TOP登陆少年-苏新皓,1,0,0,0,0.00206447,0.0
7459482800,双球冰淇淋莓莓莓,1,0,0,0,0.00206447,0.0
7461276382,花生了什么事,1,0,0,0,0.00206447,0.0
7467277921,万维视频,1,0,1,1,0.00206447,0.0
7475386369,8uioioio,1,0,0,0,0.00206447,0.0
7494992522,梧桐影-,1,0,0,0,0.00206447,0.0
7495586781,朱正廷正式营业中,1,0,1,1,0.00206447,0.0
7506746741,竹笛漫港枝,1,0,0,0,0.00206447,0.0
7529356429,一个moment就足够,1,0,0,0,0.00206447,0.0
7552557321,心理学硕士_董事长-,1,0,0,0,0.00206447,0.0
7559190482,肥波糖豆儿,1,0,0,0,0.00206447,0.0
7561485390,Salainen_,1,0,0,0,0.00206447,0.0
7565358619,禁止使用塑料袋,1,0,0,0,0.00206447,0.0
7576763718,油饼就去薯啦,1,0,1,1,0.00206447,0.0
7585304615,也想交税的杨,1,0,0,0,0.00206447,0.0
7596846907,惠元食堂八号窗口请取餐,1,0,0,0,0.00206447,0.0
7610808848,张婧仪工作室,1,0,1,1,0.00206447,0.0
7612876955,喜欢的红萝卜呀,1,0,0,0,0.00206447,0.0
7621232854,浓眉大眼法蜡达,1,0,0,0,0.00206447,0.0
7625326364,舱门即将关闭777,2,0,0,0,0.00206447,0.0
7628044408,文_昕怡,1,0,0,0,0.00206447,0.0
7631654920,微醺茶冻,1,0,0,0,0.00206447,0.0
7707462078,王星越OFFICIAL,1,0,1,1,0.00206447,0.0
7711143462,无聊的局外人wen,0,1,0,1,0.00288092,0.0
7734889891,coin闪闪发光噢,1,0,0,0,0.00206447,0.0
7739131461,TF_ING黄朔HS,1,0,0,0,0.00206447,0.0
7740696026,我是于诶诶,1,0,0,0,0.00206447,0.0
7742275547,燃烧的雾港水手,1,0,0,0,0.00206447,0.0
7744963256,O0orange-,1,0,0,0,0.00206447,0.0
7754049621,铭铭养猪基地,1,0,0,0,0.00206447,0.0
7757687460,小夏摊煎饼,1,0,0,0,0.00206447,0.0
7760290512,台湾小妹在南京,2,0,0,0,0.00206447,0.0
7763329656,将你们的羁绊于初雪打个结,1,0,0,0,0.00206447,0.0
7765668071,哆啦憨包,1,0,0,0,0.00206447,0.0
7767144248,八座金球小神龙,6,0,0,0,0.00206447,0.0
7788408192,奈何明月照丑狗,3,0,0,0,0.00206447,0.0
7796947184,抚子小宝,0,1,0,1,0.00294206,0.0
7798319816,檀小呆与檀力球,1,0,0,0,0.00206447,0.0
7804300115,妹喜鸳鸯谱,7,0,0,0,0.00206447,0.0
7818785784,王阳官方工作室,1,0,1,1,0.00206447,0.0
7826071911,草霉驴奶特别癫,1,0,0,0,0.00206447,0.0
7837302744,于适工作室,1,1,4,5,0.00262171,0.0
7844581127,杰尼龟说,1,0,0,0,0.00206447,0.0
7844845771,美丽大眼萌,1,0,0,0,0.00206447,0.0
7845552889,REJECT第五人格部门,1,0,0,0,0.00206447,0.0
7847210480,其实我也不是很丑吧喵,2,0,0,0,0.00206447,0.0
7850599876,Huldigen,4,0,0,0,0.00206447,0.0
7851092541,时虞时虞,1,0,0,0,0.00206447,0.0
7854957897,登陆少年组合,1,0,0,0,0.00206447,0.0
7866135934,你却爱着一只蓝白小鹰,4,0,0,0,0.00206447,0.0
7867597650,听取瓦声一片,1,0,0,0,0.00206447,0.0
7877677597,武汉eStar亮宇,1,0,0,0,0.00206447,0.0
7883200574,南通Hero久竞_紫渊,1,0,0,0,0.00206447,0.0
7893929649,杨晨晨Sugary,1,0,0,0,0.00206447,0.0
7895525286,光海娱乐_Official,1,0,0,0,0.00206447,0.0
7912058860,yeeuni06,1,0,0,0,0.00206447,0.0
7940855601,Prigkhing,1,0,0,0,0.00206447,0.0
7946457588,Jingion0,1,0,0,0,0.00206447,0.0
7953352786,尚公主官微,0,1,0,1,0.00381965,0.0
7962241497,甜品是幸福的增稠剂-,1,0,0,0,0.00206447,0.0
7965601889,噜噜晓记录Irene,1,0,1,1,0.00206447,0.0
7972800543,FPX_coconut,1,0,0,0,0.00206447,0.0
7981537442,抵达恐惧终点,1,0,0,0,0.00206447,0.0
8013729872,爱吃拉面小肫,1,0,0,0,0.00206447,0.0
8015419440,_美白牙膏,1,0,0,0,0.00206447,0.0
8020830223,午安小狗芽-,1,0,0,0,0.00206447,0.0
8460660016,优酷向野的我们,1,0,0,0,0.00206447,0.0
9040986666,赵露思的微博,0,1,0,1,0.002357,0.0
9076396224,益达张YiDa,1,0,0,0,0.00206447,0.0
9149737577,瑞贝卡狂热女粉丝,1,0,0,0,0.00206447,0.0
9165329829,Toptap陈拓安,1,0,0,0,0.00206447,0.0
