ranking_type,rank,node_id,user_name,value
degree,1,5861669187,VOGUEplus,6
degree,2,7837302744,于适工作室,5
degree,3,6126403279,coser小梦酱,4
degree,4,1642512402,中国新闻周刊,2
degree,5,1668277257,栗栗逛吃日记,2
degree,6,2002400427,鸡肉干贝粥,2
degree,7,2937990707,Lila-阿敏,2
degree,8,3217035437,-梁小萌,2
degree,9,5789387121,小抚-,2
degree,10,5926318749,CristianoRonaldo,2
degree,11,6021695822,袁一琦each,2
degree,12,6387099968,张婧仪,2
degree,13,1249629725,王阳0313,1
degree,14,1259110474,赵丽颖,1
degree,15,1275418863,阿根廷往事,1
degree,16,1307418975,谭松韵seven,1
degree,17,1350995007,我是娜扎,1
degree,18,1355747763,老是十八弟,1
degree,19,1740522895,新浪厦门,1
degree,20,1780449083,张沫凡MOMO,1
pagerank,1,1642512402,中国新闻周刊,0.01317471
pagerank,2,2937990707,Lila-阿敏,0.01317471
pagerank,3,6387099968,张婧仪,0.00557482
pagerank,4,5926318749,CristianoRonaldo,0.00469723
pagerank,5,1249629725,王阳0313,0.00381965
pagerank,6,1307418975,谭松韵seven,0.00381965
pagerank,7,1350995007,我是娜扎,0.00381965
pagerank,8,1355747763,老是十八弟,0.00381965
pagerank,9,1813620273,赖雨濛,0.00381965
pagerank,10,1860563805,罗云熙Leo,0.00381965
pagerank,11,1872969420,可ke达鸭,0.00381965
pagerank,12,2308711352,喜庆少女,0.00381965
pagerank,13,2429847045,_TheMoon,0.00381965
pagerank,14,2440179153,宋祖儿lareina,0.00381965
pagerank,15,2447034645,THEO-朱正廷,0.00381965
pagerank,16,2471274504,摄影师NANA-C,0.00381965
pagerank,17,2492431184,TiffanyAndCo蒂芙尼,0.00381965
pagerank,18,2712305611,丁禹兮,0.00381965
pagerank,19,2749134091,-沈小婷-,0.00381965
pagerank,20,3023889587,王星越,0.00381965
betweenness,1,1041705884,雷淞然,0.0
betweenness,2,1164100672,青春影视偶像,0.0
betweenness,3,1168377245,胡永平,0.0
betweenness,4,1188472987,科技数码秀,0.0
betweenness,5,1195908387,佳佳的奇妙冒险,0.0
betweenness,6,1220978545,周燕妮,0.0
betweenness,7,1232221900,时装LOFFICIEL,0.0
betweenness,8,1243428715,马家辉在香港,0.0
betweenness,9,1246229612,毛晓彤,0.0
betweenness,10,1249629725,王阳0313,0.0
betweenness,11,1259110474,赵丽颖,0.0
betweenness,12,1275418863,阿根廷往事,0.0
betweenness,13,1279776120,王传君,0.0
betweenness,14,1285478591,徐文兵,0.0
betweenness,15,1286189071,两色风景嘎,0.0
betweenness,16,1291471320,成都下水道,0.0
betweenness,17,1293980032,百花香帅,0.0
betweenness,18,1296175111,立威廉,0.0
betweenness,19,1296234914,陈楚生,0.0
betweenness,20,1297975973,宠物摄影师-克查,0.0
