image_id,anomaly_reason,saliency_area_ratio,component_count
wb_0004,saliency_area_ratio过低 (<0.001),0.000139,1
wb_0007,saliency_area_ratio过低 (<0.001),0.000154,0
wb_0007,component_count==0 (无显著区域),0.000154,0
wb_0012,saliency_area_ratio过低 (<0.001),2.5e-05,1
wb_0016,saliency_area_ratio过低 (<0.001),3.1e-05,0
wb_0016,component_count==0 (无显著区域),3.1e-05,0
wb_0097,saliency_area_ratio过低 (<0.001),1.9e-05,1
wb_0105,saliency_area_ratio过低 (<0.001),0.000794,2
wb_0120,saliency_area_ratio过低 (<0.001),4.1e-05,0
wb_0120,component_count==0 (无显著区域),4.1e-05,0
wb_0123,saliency_area_ratio过低 (<0.001),7.2e-05,0
wb_0123,component_count==0 (无显著区域),7.2e-05,0
wb_0139,saliency_area_ratio过低 (<0.001),0.000406,1
wb_0146,saliency_area_ratio过低 (<0.001),0.00058,3
wb_0148,saliency_area_ratio过低 (<0.001),1.4e-05,0
wb_0148,component_count==0 (无显著区域),1.4e-05,0
wb_0152,saliency_area_ratio过低 (<0.001),0.000908,5
wb_0159,saliency_area_ratio过低 (<0.001),1.4e-05,0
wb_0159,component_count==0 (无显著区域),1.4e-05,0
wb_0162,saliency_area_ratio过低 (<0.001),0.000706,3
wb_0170,saliency_area_ratio过低 (<0.001),2e-05,2
wb_0171,saliency_area_ratio过低 (<0.001),0.000437,6
wb_0173,saliency_area_ratio过低 (<0.001),5.2e-05,3
wb_0194,saliency_area_ratio过低 (<0.001),3.1e-05,0
wb_0194,component_count==0 (无显著区域),3.1e-05,0
wb_0195,saliency_area_ratio过低 (<0.001),0.000428,1
wb_0196,saliency_area_ratio过低 (<0.001),2.1e-05,0
wb_0196,component_count==0 (无显著区域),2.1e-05,0
wb_0273,saliency_area_ratio过低 (<0.001),6.5e-05,1
wb_0286,saliency_area_ratio过低 (<0.001),0.000173,1
wb_0320,saliency_area_ratio过低 (<0.001),1.8e-05,1
wb_0332,saliency_area_ratio过低 (<0.001),1.2e-05,0
wb_0332,component_count==0 (无显著区域),1.2e-05,0
wb_0356,saliency_area_ratio过低 (<0.001),5e-05,2
