rank,uid,username,gat_score,pseudo_label,pagerank,in_degree,out_degree,total_degree,core_score,posts_commented,posts_authored,comment_count
1,6272876985,一条闪耀大蟒蛇_,0.999976,1,0.0008199327644892,20,0,20,0.110961,0,1,0
2,1821525001,王霏霏Fei,0.999976,1,0.0008199327644892,20,1,21,0.110961,1,1,1
3,1954778190,Vinida万妮达,0.999976,1,0.0007793940947315,19,0,19,0.1066,0,1,0
4,2909406375,星娱酱,0.999976,1,0.0008199327644892,20,0,20,0.110961,0,1,0
5,5606716867,吃瓜罗伯特,0.999976,0,4.8008927852633245e-05,0,24,24,0.0,24,0,24
6,6871895822,演员陈添祥,0.999976,1,0.0051632391320854,20,1,21,0.250141,1,1,1
7,7850599876,Huldigen,0.999976,1,0.0046016671259189,24,1,25,0.253141,1,4,1
8,1316949123,娄艺潇,0.999976,1,0.0006577780854583,16,0,16,0.09352,0,1,0
9,2705589884,张艺凡,0.999976,1,0.0005848084798944,15,0,15,0.08812,0,1,0
10,6580670764,TOPCLASS娱乐,0.999976,1,0.000698316755216,17,0,17,0.09788,0,1,0
11,5926318749,CristianoRonaldo,0.999976,1,0.0006591293744502,20,0,20,0.105808,0,1,0
12,5939204645,多樂,0.999976,1,0.0007996634296103,20,0,20,0.110311,0,1,0
13,2560497310,渡边小鲜肉,0.999976,1,0.0008199327644892,20,0,20,0.110961,0,1,0
14,6113513458,演员王彦桐,0.999976,1,0.0005767007459429,14,0,14,0.084799,0,1,0
15,6124100893,猪堡_,0.999976,1,0.0005361620761852,13,0,13,0.071689,0,1,0
16,1554226303,高彦Will,0.999976,1,0.0008199327644892,20,0,20,0.110961,0,1,0
17,6304429250,煎饼果仔-张问初,0.999976,1,0.0007388554249738,20,0,20,0.108363,0,1,0
18,7912058860,yeeuni06,0.999976,1,0.0008199327644892,20,0,20,0.110961,0,1,0
19,6441657735,十鸢里美-,0.999976,1,0.0008199327644892,20,0,20,0.110961,0,1,0
20,1719397245,JaniceMan文咏珊,0.999976,1,0.0005361620761852,13,0,13,0.080439,0,1,0
21,2018925253,赵雅芝,0.999976,1,0.0007388554249738,18,0,18,0.10224,0,1,0
22,9165329829,Toptap陈拓安,0.999976,1,0.0051632391320854,20,1,21,0.250141,1,1,1
23,1791873284,许靖韵Angela,0.999976,1,0.0007388554249738,18,0,18,0.10224,0,1,0
24,3973292213,钱多多向前,0.999976,1,0.0007996634296103,20,0,20,0.110311,0,1,0
25,1041705884,雷淞然,0.999976,1,0.0051632391320854,20,1,21,0.250141,1,1,1
26,6065301364,网友小氢,0.999825,1,0.0007043492953586,18,0,18,0.098634,0,1,0
27,5428423860,_FirstSnow,0.999825,1,0.0033954413227754,98,0,98,0.546018,0,7,0
28,6788591973,玉玊则不汏,0.999825,1,0.0016565254314536,47,0,47,0.257922,0,3,0
29,6554603444,老公我想要没有水印的,0.999825,1,0.0005364033777909,13,0,13,0.071696,0,1,0
30,3051163592,潘薇音,0.999825,1,0.0008201740660949,20,0,20,0.110968,0,1,0
31,2217048775,2楼哎呦喂多多,0.999825,1,0.0007390967265795,18,0,18,0.102248,0,1,0
32,6243146585,上官美姨,0.999825,1,0.000799904731216,20,0,20,0.110319,0,1,0
33,1850017837,史老柒,0.999825,1,0.0008201740660949,20,0,20,0.110968,0,1,0
34,6276227682,liu_iiiiiirich,0.999825,1,0.0008201740660949,20,0,20,0.110968,0,1,0
35,3317704373,牛师傅Goat,0.999825,1,0.001085026708512,31,0,31,0.166879,0,2,0
36,5762999670,评论罗伯特,0.999825,0,4.8008927852633245e-05,0,14,14,0.0,21,0,21
37,6442235149,陈怡西瓜瓜瓜,0.999825,1,0.0007390967265795,18,0,18,0.102248,0,1,0
38,3217742437,每阅,0.999825,1,0.0027780952947506,71,0,71,0.504832,0,8,0
39,7341744407,忘词大王林小喜,0.999825,1,0.000799904731216,20,0,20,0.110319,0,1,0
40,5574911608,人间冷暖Lens,0.99902,1,0.0040998980611836,16,1,17,0.201322,1,1,1
41,5600540896,霜霜霜霜霜雪,0.99902,1,0.0043685315948851,17,1,18,0.211741,1,1,1
42,6425881183,摄影日课,0.99902,1,0.0008216218757291,20,0,20,0.111015,0,1,0
43,6101852007,IR氢,0.99902,1,0.0001932724944844,5,0,5,0.026211,0,1,0
44,5407978252,B612星球的王妃,0.99902,1,0.0022194633252731,9,1,10,0.108385,1,1,1
45,1816029971,CNU_blank,0.99902,1,0.0156511400103481,59,1,60,0.761862,3,4,3
46,7914407845,摄影波特,0.99902,0,4.8008927852633245e-05,0,9,9,0.0,12,0,12
47,3541413702,壁纸唐酱,0.99902,1,0.0031596806932283,13,1,14,0.157009,1,1,1
48,3217035437,-梁小萌,0.999019,1,0.0026728877946651,68,0,68,0.418527,0,7,0
49,7200019989,月见里暮,0.999005,1,0.0146373682224508,56,1,57,0.713942,3,3,3
50,1728860841,微博同城,0.997032,0,4.8008927852633245e-05,0,7,7,0.0,8,0,9
51,3778125742,Sraint-,0.997032,1,0.0008024786150102,20,0,20,0.110401,0,1,0
52,2090591961,美食家大雄,0.997032,1,0.0132707484200488,50,1,51,0.651782,3,3,5
53,5531506227,Qsjzkedll,0.997032,1,0.0007461749070134,18,0,18,0.101225,0,1,0
54,5311962099,Jinsiqqq_,0.997032,1,0.0008227479498891,20,0,20,0.111051,0,1,0
55,6839422251,壮壮少吃一口吧,0.997032,1,0.000397091917433,13,0,13,0.067232,0,1,0
56,5020552519,战小妙,0.996927,1,0.0002214243484828,6,0,6,0.031424,0,1,0
57,1737850362,duck_ye,0.996894,1,0.0022653015869761,10,1,11,0.114165,1,1,1
58,7380722614,趣你的书小生,0.996522,1,0.0008037655569073,20,0,20,0.110443,0,1,0
59,7892270010,微博智搜,0.996522,0,4.8008927852633245e-05,0,7,7,0.0,7,0,7
60,1195908387,佳佳的奇妙冒险,0.996522,1,0.0008037655569073,20,0,20,0.110443,0,1,0
61,3292333231,季雨少女,0.996522,1,0.0008240348917861,20,0,20,0.111092,0,1,0
62,7240026510,来杯蜂蜜抽子,0.996522,1,0.0008240348917861,20,0,20,0.111092,0,1,0
63,6001863056,娜扎工作室,0.996522,1,0.000702418882513,17,0,17,0.098011,0,1,0
64,3543420821,八座金球两座劳伦斯,0.99516,1,0.0002767628500569,8,0,8,0.04182,0,1,0
65,6313972943,仙露槑號,0.99516,0,4.8008927852633245e-05,0,6,6,0.0,6,0,7
66,6523666955,一切障碍克服了我,0.99516,1,0.0008037655569073,20,0,20,0.110443,0,1,0
67,2427613143,欧洲足球记录者,0.99516,1,0.0004852474373823,12,0,12,0.066996,0,1,0
68,6153121801,迈阿密国际守梅者,0.995098,1,0.0014773831193814,45,0,45,0.243559,0,3,0
69,7767144248,八座金球小神龙,0.99502,1,0.0024158533242727,71,0,71,0.383224,0,6,0
70,5250260756,家里有八个金球,0.99502,1,0.0026962457900969,78,0,78,0.438638,0,6,0
71,7946457588,Jingion0,0.994234,1,0.0007439227586935,18,0,18,0.101152,0,1,0
72,6558040566,RUTOTO,0.994234,1,0.0004196134006317,10,0,10,0.05502,0,1,0
73,7984486935,千问,0.994234,0,4.8008927852633245e-05,0,6,6,0.0,6,0,6
74,6837278495,星星的治愈生活,0.994234,1,0.0002777280564797,10,0,10,0.050474,0,1,0
75,7188930130,隔胳呜呜,0.994234,1,0.0008250000982089,20,0,20,0.111123,0,1,0
76,3905581452,CDJHkkkkkkkYNL,0.994234,1,0.0004196134006317,10,0,10,0.05502,0,1,0
77,7734889891,coin闪闪发光噢,0.9839,1,0.0007822092801313,19,0,19,0.106691,0,1,0
78,5140279430,是你呀哆哆,0.9839,0,4.8008927852633245e-05,0,4,4,0.0,9,0,9
79,7461276382,花生了什么事,0.9839,1,0.0007822092801313,19,0,19,0.106691,0,1,0
80,5730240854,哪有位zhi,0.983899,1,0.0007551835002928,20,0,20,0.108886,0,1,0
81,1797539504,曾沛慈,0.982744,1,0.0092267189020758,18,1,19,0.374232,1,1,2
82,7906568195,想吃冷脸萌,0.979693,0,4.8008927852633245e-05,0,4,4,0.0,5,0,5
83,2217066377,梅西和大空翼,0.979687,1,0.0019821703705034,9,1,10,0.100781,1,1,1
84,7034095279,小羊的快乐神驹朋友,0.978457,0,4.8008927852633245e-05,0,4,4,0.0,5,0,5
85,7506746741,竹笛漫港枝,0.978324,1,0.0006946007104883,20,0,20,0.106944,0,1,0
86,7815030583,波点兔兔兔_,0.976926,0,4.8008927852633245e-05,0,4,4,0.0,4,0,5
87,5767049948,陈靖可,0.976925,1,0.001393892763809,34,0,34,0.19721,0,2,0
88,3829981184,潘珺雅,0.976915,1,0.0006723044421215,17,0,17,0.097046,0,1,0
89,2054440425,M8SSIisGOAT,0.976672,0,4.8008927852633245e-05,0,4,4,0.0,4,0,4
90,5955730111,蓝枫1908,0.976662,1,0.0008081089858099,20,0,20,0.110582,0,1,0
91,1811903663,徐若晗cici,0.976497,1,0.003817832850797,16,1,17,0.194783,1,1,3
92,2002400427,鸡肉干贝粥,0.97286,1,0.0149642056884543,66,1,67,0.771278,1,6,2
93,2201915244,Messifanobserver,0.971064,1,0.0021572745236038,62,0,62,0.357387,0,4,0
94,6483039487,朵咩多咩,0.968754,1,0.0006696018641377,20,0,20,0.106143,0,1,0
95,1751676312,茜总的甜心私房喵,0.947045,0,4.8008927852633245e-05,0,3,3,0.0,5,0,5
96,1769699740,Cookie碎碎唸,0.944969,0,4.8008927852633245e-05,0,3,3,0.0,5,0,5
97,3182080140,马德里杀侏将,0.944872,0,4.8008927852633245e-05,0,3,3,0.0,4,0,7
98,2302957412,大老师我想你了,0.944462,0,4.8008927852633245e-05,0,3,3,0.0,5,0,5
99,3671879202,氪星小狗领养手册,0.944424,1,0.000806082052322,20,0,20,0.110517,0,1,0
100,2793347685,慕容獳,0.943319,0,4.8008927852633245e-05,0,3,3,0.0,5,0,5
