image_id,saliency_area_ratio,mean_saliency,saliency_std,saliency_entropy,center_bias,component_count,largest_component_ratio
wb_0001,0.255358,0.254075,0.426391,0.89073,0.345089,2,0.147404
wb_0002,0.036402,0.036152,0.182798,0.740268,0.552952,1,0.036378
wb_0003,0.002114,0.002195,0.034041,0.582812,0.714135,2,0.001961
wb_0004,0.000139,0.004128,0.018135,0.797975,0.666687,1,6.2e-05
wb_0005,0.714313,0.711262,0.443591,0.972485,0.080098,1,0.714244
wb_0006,0.228757,0.226338,0.411185,0.884597,0.21943,1,0.228753
wb_0007,0.000154,0.020245,0.038265,0.916171,0.563071,0,0.0
wb_0008,0.037927,0.036545,0.146992,0.784567,0.310807,3,0.03692
wb_0009,0.050341,0.04969,0.212035,0.756602,0.532817,1,0.05022
wb_0010,0.661927,0.657124,0.463895,0.966905,0.13096,2,0.447425
wb_0011,0.064837,0.064074,0.237738,0.787428,0.284522,1,0.064812
wb_0012,2.5e-05,0.000774,0.005889,0.790098,0.568982,1,1.8e-05
wb_0013,0.273895,0.27158,0.43853,0.90678,0.462738,1,0.273882
wb_0014,0.305324,0.300973,0.441337,0.904385,0.281814,1,0.305247
wb_0015,0.329277,0.324629,0.451236,0.912583,0.101188,2,0.27114
wb_0016,3.1e-05,0.001225,0.005967,0.8342,0.0,0,0.0
wb_0017,0.029897,0.029288,0.164793,0.698239,0.470741,1,0.029887
wb_0018,0.53348,0.530679,0.489991,0.948227,0.037989,2,0.439738
wb_0019,0.268514,0.267254,0.437577,0.923839,0.100577,1,0.268513
wb_0020,0.151059,0.151395,0.34981,0.848689,0.462796,2,0.150388
wb_0021,0.34151,0.340245,0.468756,0.912288,0.064675,1,0.341476
wb_0022,0.338646,0.336611,0.466868,0.91156,0.041473,1,0.338634
wb_0023,0.043284,0.044454,0.189962,0.771767,0.33733,12,0.019554
wb_0024,0.388339,0.385319,0.479257,0.92307,0.199761,1,0.388293
wb_0025,0.31678,0.315281,0.45849,0.901758,0.043492,1,0.316759
wb_0026,0.699346,0.696377,0.452918,0.979438,0.111814,1,0.699345
wb_0027,0.449321,0.447308,0.491001,0.933316,0.158795,1,0.44919
wb_0028,0.361956,0.36083,0.472563,0.918028,0.099282,2,0.361412
wb_0029,0.147992,0.147333,0.349036,0.844411,0.085817,2,0.147506
wb_0030,0.100168,0.099724,0.297358,0.810453,0.641798,1,0.100162
wb_0031,0.516881,0.514252,0.486372,0.963266,0.248927,2,0.516764
wb_0032,0.435376,0.433424,0.488977,0.932484,0.030409,1,0.435341
wb_0033,0.367038,0.363535,0.473568,0.917131,0.323566,1,0.366997
wb_0034,0.165062,0.164547,0.367387,0.851453,0.364406,1,0.165049
wb_0035,0.493377,0.491451,0.493986,0.953028,0.118506,2,0.294621
wb_0036,0.217695,0.214215,0.401338,0.908404,0.101195,1,0.217694
wb_0037,0.24583,0.242716,0.413754,0.893811,0.230032,3,0.245642
wb_0038,0.48186,0.479184,0.490083,0.939944,0.094612,1,0.48179
wb_0039,0.401608,0.398448,0.47758,0.941344,0.099702,4,0.193595
wb_0040,0.279841,0.279195,0.442723,0.906819,0.138923,5,0.22033
wb_0041,0.57305,0.570787,0.489596,0.95454,0.038808,1,0.573032
wb_0042,0.161426,0.159648,0.3594,0.889723,0.024581,1,0.161425
wb_0043,0.415428,0.408176,0.475198,0.930085,0.093301,3,0.357216
wb_0044,0.03783,0.038355,0.184005,0.740995,0.435463,2,0.03717
wb_0045,0.227392,0.225305,0.408888,0.877465,0.08899,1,0.22733
wb_0046,0.311852,0.309324,0.454834,0.902954,0.079659,1,0.311782
wb_0047,0.370678,0.36872,0.476409,0.940226,0.300459,1,0.370677
wb_0048,0.181319,0.180221,0.377607,0.861398,0.265169,1,0.181291
wb_0049,0.239012,0.237724,0.417181,0.878959,0.156736,3,0.156183
wb_0050,0.573889,0.561262,0.462218,0.957706,0.163251,3,0.463927
wb_0051,0.09614,0.095704,0.290504,0.808175,0.274047,1,0.096105
wb_0052,0.184248,0.184199,0.381916,0.863176,0.007166,2,0.183096
wb_0053,0.357831,0.353415,0.466942,0.916005,0.315405,2,0.357687
wb_0054,0.317552,0.317015,0.450146,0.910204,0.143582,5,0.306568
wb_0055,0.609007,0.604408,0.478991,0.971694,0.076671,2,0.414668
wb_0056,0.039201,0.041308,0.18321,0.764372,0.567274,4,0.035226
wb_0057,0.182976,0.181542,0.379866,0.864226,0.416678,1,0.18294
wb_0058,0.164651,0.163812,0.36533,0.850387,0.40851,1,0.164609
wb_0059,0.321768,0.30226,0.410985,0.94119,0.392343,5,0.249378
wb_0060,0.055298,0.055432,0.221232,0.756756,0.255642,3,0.036183
wb_0061,0.423055,0.420091,0.483124,0.926226,0.306655,1,0.423018
wb_0062,0.144767,0.139557,0.305973,0.896956,0.194355,7,0.087871
wb_0063,0.501875,0.50466,0.481485,0.94876,0.158084,4,0.497118
wb_0064,0.003129,0.003374,0.048443,0.592416,0.798524,4,0.001442
wb_0065,0.008186,0.010106,0.07792,0.651138,0.511761,6,0.002515
wb_0066,0.475492,0.473672,0.492279,0.937427,0.122103,1,0.475455
wb_0067,0.244045,0.243124,0.424646,0.884559,0.154253,1,0.243976
wb_0068,0.141644,0.141357,0.342402,0.841555,0.280413,1,0.14158
wb_0069,0.16467,0.163956,0.365249,0.852739,0.462206,1,0.164653
wb_0070,0.091616,0.091278,0.283569,0.808797,0.311672,1,0.09153
wb_0071,0.35434,0.34761,0.448736,0.921082,0.22154,3,0.353409
wb_0072,0.354832,0.353629,0.469777,0.916584,0.164783,7,0.350365
wb_0073,0.310252,0.309715,0.45162,0.903617,0.172563,5,0.153092
wb_0074,0.091425,0.095801,0.235619,0.852382,0.217043,8,0.050442
wb_0075,0.085956,0.090266,0.260137,0.826076,0.037425,11,0.036529
wb_0076,0.211568,0.21091,0.403652,0.872983,0.09639,1,0.211481
wb_0077,0.145491,0.135532,0.276124,0.86776,0.282027,5,0.140618
wb_0078,0.005942,0.005913,0.065146,0.621518,0.661305,1,0.00586
wb_0079,0.227164,0.226299,0.411121,0.880111,0.38437,2,0.226331
wb_0080,0.620536,0.615822,0.477693,0.972037,0.023835,1,0.620536
wb_0081,0.315463,0.313181,0.4492,0.909194,0.098696,3,0.189977
wb_0082,0.476742,0.474544,0.493268,0.939663,0.274253,1,0.476667
wb_0083,0.220706,0.216958,0.39556,0.880938,0.093183,2,0.202488
wb_0084,0.183322,0.182932,0.380027,0.862709,0.273145,1,0.183293
wb_0085,0.282631,0.277579,0.436506,0.895321,0.168443,1,0.282485
wb_0086,0.252512,0.251559,0.430013,0.887144,0.442493,1,0.2525
wb_0087,0.594583,0.592991,0.484282,0.958076,0.015128,1,0.594572
wb_0088,0.092588,0.092206,0.284788,0.856509,0.190498,1,0.092588
wb_0089,0.284223,0.283069,0.443273,0.90054,0.291696,3,0.215213
wb_0090,0.181834,0.179133,0.370518,0.864365,0.447878,3,0.121684
wb_0091,0.25983,0.258944,0.434377,0.886727,0.435548,1,0.259799
wb_0092,0.767634,0.763596,0.412931,0.978128,0.075647,1,0.767521
wb_0093,0.314959,0.310701,0.444711,0.909728,0.275976,1,0.31489
wb_0094,0.154219,0.153617,0.356748,0.846822,0.394007,1,0.154213
wb_0095,0.240363,0.240831,0.416462,0.88411,0.559047,3,0.240015
wb_0096,0.397361,0.398556,0.459964,0.933203,0.14391,1,0.397315
wb_0097,1.9e-05,0.008995,0.021271,0.912397,0.99526,1,1.9e-05
wb_0098,0.258461,0.257032,0.427194,0.891395,0.214096,1,0.258385
wb_0099,0.545199,0.53955,0.484075,0.963651,0.125575,1,0.545196
wb_0100,0.396029,0.394875,0.482146,0.925638,0.169555,1,0.395941
wb_0101,0.432082,0.430221,0.488032,0.931956,0.052096,2,0.350485
wb_0102,0.363304,0.361946,0.476758,0.916872,0.391635,1,0.363281
wb_0103,0.446522,0.444259,0.492816,0.933673,0.377819,1,0.446499
wb_0104,0.104219,0.103418,0.299064,0.815777,0.27268,1,0.104184
wb_0105,0.000794,0.000866,0.024453,0.498866,0.852758,2,0.000713
wb_0106,0.279918,0.278861,0.443951,0.891719,0.064741,1,0.279909
wb_0107,0.147362,0.146159,0.348605,0.84191,0.457854,1,0.147349
wb_0108,0.570856,0.566024,0.48112,0.9557,0.06102,1,0.57081
wb_0109,0.572112,0.557428,0.42972,0.964752,0.222948,6,0.557807
wb_0110,0.055237,0.055022,0.223768,0.76395,0.31271,2,0.053953
wb_0111,0.294256,0.29293,0.450062,0.901334,0.11085,1,0.294241
wb_0112,0.257197,0.256236,0.432263,0.889919,0.29338,1,0.257176
wb_0113,0.122253,0.122553,0.322534,0.834022,0.521181,3,0.121211
wb_0114,0.479578,0.477587,0.494583,0.940453,0.241954,1,0.479552
wb_0115,0.081593,0.081464,0.268136,0.801496,0.114786,1,0.081545
wb_0116,0.001888,0.002373,0.038609,0.535428,0.400449,1,0.001847
wb_0117,0.108611,0.108547,0.306637,0.810192,0.447795,1,0.108601
wb_0118,0.385712,0.380154,0.477153,0.922076,0.355596,4,0.385243
wb_0119,0.157078,0.156519,0.357443,0.849564,0.373873,3,0.15662
wb_0120,4.1e-05,7.8e-05,0.006204,0.307701,0.203865,0,0.0
wb_0121,0.269255,0.263764,0.415027,0.901467,0.311789,2,0.268176
wb_0122,0.024433,0.02419,0.143844,0.70781,0.436968,2,0.024045
wb_0123,7.2e-05,0.00924,0.035041,0.822904,0.26648,0,0.0
wb_0124,0.001013,0.00105,0.027313,0.475061,0.068971,1,0.000995
wb_0125,0.116812,0.109041,0.27537,0.846521,0.162446,2,0.115921
wb_0126,0.045972,0.045769,0.20377,0.756059,0.402093,1,0.045898
wb_0127,0.080075,0.079798,0.267114,0.793586,0.338624,1,0.079948
wb_0128,0.035778,0.036356,0.172856,0.76322,0.069515,4,0.019664
wb_0129,0.196348,0.19552,0.392319,0.868072,0.340749,2,0.19624
wb_0130,0.182453,0.184957,0.373078,0.866172,0.183018,4,0.149886
wb_0131,0.084614,0.084317,0.275108,0.796931,0.4259,1,0.084602
wb_0132,0.695005,0.689982,0.453759,0.970434,0.081007,1,0.694999
wb_0133,0.50425,0.499554,0.489751,0.94682,0.168582,1,0.504183
wb_0134,0.212083,0.212777,0.379533,0.884143,0.153266,3,0.123256
wb_0135,0.084551,0.083435,0.270454,0.801399,0.650495,3,0.083015
wb_0136,0.019352,0.0193,0.133957,0.691654,0.316939,1,0.019316
wb_0137,0.106983,0.106494,0.302985,0.813863,0.126729,1,0.106983
wb_0138,0.111358,0.111087,0.308815,0.812805,0.283976,1,0.111296
wb_0139,0.000406,0.001129,0.018836,0.584762,0.088742,1,0.000369
wb_0140,0.228746,0.227371,0.403203,0.883583,0.362795,2,0.228323
wb_0141,0.001312,0.001388,0.02984,0.496863,0.502383,3,0.0006
wb_0142,0.068532,0.068193,0.247858,0.785255,0.420881,1,0.0685
wb_0143,0.018619,0.018682,0.132027,0.663381,0.130957,1,0.018573
wb_0144,0.016722,0.016688,0.126262,0.731726,0.116423,1,0.016719
wb_0145,0.064102,0.063903,0.241197,0.783939,0.587008,1,0.064059
wb_0146,0.00058,0.01344,0.050244,0.810855,0.696825,3,0.000222
wb_0147,0.071636,0.074929,0.238906,0.859487,0.311114,5,0.053806
wb_0148,1.4e-05,0.000526,0.005053,0.728501,0.996138,0,0.0
wb_0149,0.318014,0.316653,0.455738,0.903583,0.25375,2,0.229897
wb_0150,0.357687,0.351997,0.447018,0.92537,0.195253,3,0.190672
wb_0151,0.007246,0.006864,0.072582,0.630907,0.327212,1,0.007214
wb_0152,0.000908,0.000989,0.026125,0.492512,0.278132,5,0.000338
wb_0153,0.008907,0.008727,0.086123,0.616901,0.577598,5,0.008098
wb_0154,0.497036,0.476917,0.479605,0.952271,0.292243,1,0.497036
wb_0155,0.303113,0.301812,0.450455,0.903887,0.113167,1,0.303056
wb_0156,0.50166,0.500334,0.49126,0.941065,0.120962,3,0.501168
wb_0157,0.189959,0.189032,0.385871,0.859377,0.187558,1,0.189913
wb_0158,0.006461,0.00646,0.076749,0.596414,0.273013,1,0.006456
wb_0159,1.4e-05,0.000526,0.005053,0.728501,0.996138,0,0.0
wb_0160,0.303904,0.302646,0.454579,0.900255,0.218069,1,0.303804
wb_0161,0.085409,0.081018,0.255857,0.799416,0.686151,4,0.083071
wb_0162,0.000706,0.01409,0.04707,0.853549,0.252472,3,0.000204
wb_0163,0.091777,0.092646,0.280553,0.810814,0.203758,3,0.076481
wb_0164,0.134619,0.134066,0.335899,0.838027,0.259879,1,0.134578
wb_0165,0.084595,0.08479,0.251198,0.816955,0.311626,5,0.080763
wb_0166,0.160768,0.159967,0.361999,0.844727,0.094774,1,0.160759
wb_0167,0.023022,0.022991,0.147137,0.744312,0.056143,1,0.02302
wb_0168,0.019039,0.018699,0.130979,0.677696,0.43398,1,0.019022
wb_0169,0.121858,0.121452,0.323354,0.827336,0.555932,1,0.121858
wb_0170,2e-05,0.010878,0.032705,0.883664,0.847601,2,1.5e-05
wb_0171,0.000437,0.003201,0.020601,0.80952,0.498166,6,0.000117
wb_0172,0.002477,0.025372,0.06,0.895279,0.27185,4,0.000733
wb_0173,5.2e-05,0.00083,0.013656,0.700728,0.700302,3,2.8e-05
wb_0174,0.009062,0.008859,0.089103,0.63457,0.446731,1,0.00903
wb_0175,0.575325,0.573797,0.485149,0.955477,0.073978,2,0.575026
wb_0176,0.160085,0.15688,0.311821,0.871541,0.141732,4,0.149653
wb_0177,0.0077,0.007848,0.079255,0.608236,0.19802,3,0.003795
wb_0178,0.027922,0.02789,0.159172,0.711442,0.366577,5,0.018449
wb_0179,0.466389,0.465536,0.485645,0.940244,0.219046,3,0.464566
wb_0180,0.213995,0.212369,0.397882,0.881894,0.167793,2,0.208703
wb_0181,0.081921,0.081588,0.268945,0.791299,0.390542,1,0.081829
wb_0182,0.081551,0.080819,0.256401,0.804633,0.382229,2,0.07853
wb_0183,0.023773,0.023676,0.146518,0.697788,0.689555,3,0.016164
wb_0184,0.161975,0.16132,0.363336,0.852653,0.320172,1,0.161934
wb_0185,0.124348,0.123637,0.325267,0.878323,0.571666,1,0.124348
wb_0186,0.275509,0.27098,0.429086,0.897663,0.00756,3,0.139583
wb_0187,0.005242,0.008534,0.063986,0.712231,0.097389,4,0.003673
wb_0188,0.230862,0.230722,0.403777,0.886675,0.17736,2,0.136192
wb_0189,0.27471,0.268908,0.386684,0.911075,0.360263,6,0.198016
wb_0190,0.023411,0.022887,0.139669,0.702827,0.423952,2,0.013396
wb_0191,0.003681,0.003595,0.04998,0.563697,0.595874,1,0.003619
wb_0192,0.125099,0.124369,0.324419,0.849583,0.21716,1,0.12509
wb_0193,0.040825,0.040584,0.193992,0.748404,0.318731,1,0.040789
wb_0194,3.1e-05,0.001674,0.006666,0.848467,0.331112,0,0.0
wb_0195,0.000428,0.000652,0.017323,0.477248,0.751131,1,2.9e-05
wb_0196,2.1e-05,0.001492,0.008056,0.783469,0.995112,0,0.0
wb_0197,0.210735,0.210125,0.402326,0.873106,0.312506,1,0.210671
wb_0198,0.227691,0.226888,0.415242,0.878555,0.326133,1,0.227668
wb_0199,0.003474,0.003487,0.052628,0.575398,0.378522,2,0.002593
wb_0200,0.252049,0.250906,0.428924,0.916653,0.212865,3,0.251901
wb_0201,0.002847,0.003523,0.045356,0.622103,0.402874,3,0.001926
wb_0202,0.197955,0.197172,0.394166,0.869145,0.36314,1,0.197921
wb_0203,0.118564,0.117839,0.316464,0.819887,0.047451,1,0.118509
wb_0204,0.241567,0.255371,0.372712,0.915197,0.281301,6,0.190339
wb_0205,0.485506,0.484121,0.481529,0.944384,0.03237,4,0.479654
wb_0206,0.216832,0.215993,0.406895,0.87201,0.117738,1,0.216801
wb_0207,0.13963,0.137035,0.328634,0.855522,0.096469,7,0.053375
wb_0208,0.326165,0.32483,0.459569,0.92675,0.061901,1,0.32616
wb_0209,0.28187,0.280739,0.439665,0.897925,0.064453,2,0.187506
wb_0210,0.261183,0.260189,0.434518,0.884554,0.479262,1,0.261173
wb_0211,0.378392,0.376607,0.465597,0.926089,0.120156,5,0.225408
wb_0212,0.012722,0.012938,0.101584,0.677895,0.279282,3,0.007765
wb_0213,0.280931,0.277088,0.429779,0.909406,0.254835,6,0.138385
wb_0214,0.127679,0.127078,0.327821,0.832311,0.167909,1,0.127639
wb_0215,0.263418,0.263907,0.426355,0.893578,0.095941,5,0.116806
wb_0216,0.178723,0.177207,0.376634,0.855664,0.161946,1,0.178646
wb_0217,0.399592,0.397297,0.47633,0.925551,0.401146,2,0.399215
wb_0218,0.233166,0.232995,0.417403,0.886213,0.376125,4,0.228915
wb_0219,0.187012,0.186475,0.383701,0.862982,0.405492,1,0.187
wb_0220,0.081268,0.080951,0.262596,0.799322,0.356711,3,0.062902
wb_0221,0.352519,0.350878,0.470949,0.914721,0.22695,1,0.352469
wb_0222,0.239088,0.23655,0.414934,0.906975,0.164992,1,0.239086
wb_0223,0.548347,0.543802,0.489055,0.951151,0.095785,1,0.54825
wb_0224,0.330188,0.328242,0.462851,0.907771,0.330066,1,0.330188
wb_0225,0.315201,0.313873,0.453619,0.908675,0.173875,1,0.315031
wb_0226,0.003963,0.004482,0.054202,0.619702,0.666496,5,0.001781
wb_0227,0.282358,0.2809,0.44256,0.896851,0.324231,1,0.282309
wb_0228,0.060681,0.060533,0.234486,0.796319,0.153886,1,0.060662
wb_0229,0.416029,0.414046,0.482653,0.925157,0.08852,1,0.415956
wb_0230,0.859335,0.847109,0.331679,0.98933,0.081577,1,0.85933
wb_0231,0.708698,0.70489,0.448127,0.971969,0.206619,2,0.707957
wb_0232,0.116366,0.115836,0.314796,0.811783,0.321984,1,0.116299
wb_0233,0.1439,0.143436,0.345831,0.84188,0.341327,1,0.143872
wb_0234,0.055788,0.059487,0.210045,0.801372,0.27835,5,0.039763
wb_0235,0.321387,0.320111,0.460033,0.921688,0.125204,1,0.321381
wb_0236,0.001149,0.001252,0.029117,0.489799,0.231212,4,0.000553
wb_0237,0.250267,0.249007,0.426495,0.886388,0.385349,1,0.25021
wb_0238,0.274504,0.27354,0.441466,0.890014,0.362814,1,0.274422
wb_0239,0.642901,0.639902,0.470506,0.964452,0.214861,1,0.642877
wb_0240,0.150954,0.148577,0.345516,0.858594,0.60181,2,0.150725
wb_0241,0.169281,0.170755,0.35835,0.867965,0.257284,1,0.168977
wb_0242,0.339589,0.338271,0.467661,0.911942,0.261225,1,0.339549
wb_0243,0.739604,0.739744,0.41402,0.977654,0.038757,5,0.262821
wb_0244,0.255123,0.252586,0.426139,0.886569,0.213736,1,0.255077
wb_0245,0.316009,0.31361,0.452802,0.9033,0.013031,1,0.315917
wb_0246,0.189102,0.184885,0.369984,0.870825,0.111795,2,0.188757
wb_0247,0.011883,0.011504,0.094925,0.657159,0.613921,2,0.009037
wb_0248,0.326236,0.324843,0.459652,0.926087,0.061687,1,0.326232
wb_0249,0.083498,0.083064,0.271876,0.811337,0.221602,2,0.047009
wb_0250,0.341863,0.340697,0.469822,0.908605,0.351034,1,0.341845
wb_0251,0.300113,0.298822,0.448555,0.904253,0.034494,2,0.162032
wb_0252,0.253439,0.252316,0.4251,0.906243,0.109101,1,0.253425
wb_0253,0.480157,0.477562,0.492755,0.934985,0.006746,1,0.480063
wb_0254,0.381143,0.379779,0.479581,0.921347,0.053031,2,0.380929
wb_0255,0.03285,0.032852,0.173846,0.722912,0.113911,1,0.032591
wb_0256,0.009338,0.0107,0.077413,0.701373,0.658841,8,0.004405
wb_0257,0.185771,0.182752,0.377422,0.862777,0.238975,4,0.099667
wb_0258,0.280452,0.279374,0.444321,0.893302,0.11223,1,0.280039
wb_0259,0.225813,0.224597,0.411444,0.879988,0.13139,1,0.225787
wb_0260,0.244893,0.24356,0.423299,0.886329,0.135904,1,0.244846
wb_0261,0.158731,0.159864,0.351804,0.856283,0.47015,6,0.155307
wb_0262,0.309698,0.307442,0.434734,0.915842,0.090556,1,0.309385
wb_0263,0.346596,0.34808,0.431558,0.923039,0.425266,7,0.342415
wb_0264,0.047795,0.047592,0.208222,0.752933,0.119523,1,0.047778
wb_0265,0.216597,0.21457,0.367691,0.898487,0.197088,3,0.210329
wb_0266,0.175615,0.170482,0.361264,0.850262,0.555614,5,0.171627
wb_0267,0.357377,0.362103,0.440127,0.92486,0.421203,3,0.354407
wb_0268,0.020023,0.019933,0.137487,0.68959,0.738746,1,0.019988
wb_0269,0.015858,0.016099,0.121241,0.659215,0.804457,1,0.015494
wb_0270,0.035488,0.03495,0.176698,0.736936,0.088132,2,0.025782
wb_0271,0.201278,0.200358,0.394675,0.870709,0.058755,1,0.201227
wb_0272,0.535607,0.53362,0.492616,0.949757,0.144167,1,0.535586
wb_0273,6.5e-05,0.017465,0.029856,0.909404,0.973196,1,1.9e-05
wb_0274,0.355275,0.344907,0.445193,0.921145,0.200792,2,0.250747
wb_0275,0.008099,0.008047,0.080854,0.599414,0.621234,1,0.008086
wb_0276,0.319553,0.317835,0.458822,0.909493,0.33772,1,0.319514
wb_0277,0.062087,0.061576,0.233007,0.785142,0.468137,1,0.062066
wb_0278,0.01839,0.018517,0.129887,0.67329,0.724469,2,0.013192
wb_0279,0.498848,0.500641,0.481133,0.948258,0.203435,2,0.318333
wb_0280,0.232878,0.232117,0.416368,0.884254,0.080254,2,0.232083
wb_0281,0.059625,0.059392,0.232411,0.760763,0.369214,1,0.059598
wb_0282,0.330484,0.327065,0.460309,0.911226,0.39995,1,0.330468
wb_0283,0.242785,0.240449,0.418998,0.876634,0.233729,3,0.146406
wb_0284,0.213883,0.212955,0.399955,0.876347,0.05704,1,0.213796
wb_0285,0.077598,0.080015,0.260833,0.79973,0.44134,2,0.075556
wb_0286,0.000173,0.008416,0.027122,0.876919,0.939016,1,6.7e-05
wb_0287,0.060955,0.060444,0.234449,0.777272,0.445487,1,0.060913
wb_0288,0.60276,0.595009,0.474476,0.960913,0.075259,1,0.602722
wb_0289,0.076713,0.07664,0.26208,0.790567,0.433751,1,0.076696
wb_0290,0.448396,0.434246,0.468518,0.934291,0.366148,2,0.402332
wb_0291,0.076817,0.076588,0.262319,0.790187,0.433035,1,0.0768
wb_0292,0.585264,0.581214,0.477565,0.958145,0.206742,1,0.585205
wb_0293,0.115294,0.114612,0.314573,0.81089,0.289879,1,0.115256
wb_0294,0.782465,0.778948,0.404738,0.980947,0.006774,1,0.782461
wb_0295,0.016617,0.017269,0.117835,0.70274,0.791863,6,0.008919
wb_0296,0.246147,0.245311,0.427815,0.887732,0.665597,1,0.246147
wb_0297,0.008857,0.008895,0.088308,0.630126,0.640807,3,0.005753
wb_0298,0.146668,0.146032,0.343028,0.842804,0.177941,2,0.102833
wb_0299,0.016838,0.016966,0.119961,0.685382,0.478653,7,0.004974
wb_0300,0.005385,0.005419,0.067285,0.592711,0.288117,3,0.002917
wb_0301,0.534321,0.528763,0.485625,0.950446,0.208065,3,0.532989
wb_0302,0.291345,0.290168,0.44328,0.903803,0.131161,3,0.272661
wb_0303,0.01828,0.018309,0.124227,0.684766,0.696746,3,0.014477
wb_0304,0.646398,0.636747,0.458642,0.967112,0.104427,1,0.646254
wb_0305,0.077798,0.077657,0.264431,0.78032,0.273928,1,0.077778
wb_0306,0.775143,0.73766,0.387548,0.981325,0.068676,1,0.775078
wb_0307,0.416238,0.407164,0.478769,0.928718,0.297018,2,0.311094
wb_0308,0.055777,0.05557,0.226724,0.760968,0.355574,1,0.055777
wb_0309,0.262587,0.261625,0.434484,0.890873,0.23951,1,0.262569
wb_0310,0.248692,0.247714,0.426577,0.886435,0.311091,1,0.248594
wb_0311,0.397535,0.395968,0.482783,0.925028,0.081904,3,0.397083
wb_0312,0.426094,0.424331,0.487099,0.930929,0.132091,1,0.425949
wb_0313,0.179196,0.186197,0.36625,0.87318,0.26313,2,0.158258
wb_0314,0.150171,0.164892,0.343943,0.875664,0.342906,5,0.119543
wb_0315,0.022592,0.02256,0.145473,0.676754,0.409472,2,0.0129
wb_0316,0.510514,0.508289,0.492895,0.945946,0.071028,1,0.510514
wb_0317,0.653784,0.645244,0.422221,0.974264,0.189564,2,0.651816
wb_0318,0.423884,0.422071,0.486546,0.931225,0.295738,3,0.42304
wb_0319,0.497397,0.480564,0.460955,0.94588,0.071103,2,0.496718
wb_0320,1.8e-05,0.001804,0.008047,0.842536,0.99595,1,1.8e-05
wb_0321,0.115496,0.115399,0.315436,0.810316,0.391644,2,0.11506
wb_0322,0.322121,0.320143,0.459055,0.909171,0.300265,4,0.320531
wb_0323,0.367557,0.366041,0.47637,0.919122,0.090216,1,0.367536
wb_0324,0.135173,0.134627,0.337518,0.828761,0.164574,1,0.135134
wb_0325,0.177754,0.1764,0.37808,0.848321,0.309573,1,0.177729
wb_0326,0.35819,0.356559,0.471574,0.91643,0.062194,5,0.357209
wb_0327,0.32353,0.3222,0.462408,0.918774,0.140187,1,0.323521
wb_0328,0.33235,0.330728,0.462023,0.911278,0.121477,1,0.332303
wb_0329,0.059306,0.059005,0.23264,0.768286,0.132046,1,0.059288
wb_0330,0.177102,0.176473,0.376142,0.861823,0.338804,1,0.177044
wb_0331,0.117699,0.117266,0.317177,0.821354,0.23406,1,0.117653
wb_0332,1.2e-05,0.001993,0.005725,0.879585,0.995899,0,0.0
wb_0333,0.009024,0.009055,0.088856,0.628135,0.845309,2,0.007147
wb_0334,0.185472,0.183849,0.374287,0.8646,0.513092,3,0.184652
wb_0335,0.002744,0.003304,0.046845,0.59431,0.729483,4,0.001627
wb_0336,0.09,0.089601,0.282099,0.802681,0.131788,1,0.089902
wb_0337,0.315247,0.31042,0.425793,0.911968,0.1536,3,0.314774
wb_0338,0.143825,0.143453,0.346984,0.841118,0.003827,1,0.143802
wb_0339,0.581423,0.578909,0.487225,0.957662,0.31527,2,0.581082
wb_0340,0.13912,0.13866,0.329704,0.851014,0.39595,7,0.076749
wb_0341,0.003213,0.003391,0.050893,0.584982,0.80294,2,0.002767
wb_0342,0.144786,0.145216,0.345424,0.844598,0.266144,2,0.14467
wb_0343,0.026699,0.026622,0.158209,0.721464,0.834578,1,0.026696
wb_0344,0.238572,0.23806,0.407258,0.891569,0.389149,3,0.191704
wb_0345,0.424954,0.406018,0.452237,0.934168,0.143711,1,0.424793
wb_0346,0.481235,0.473606,0.480436,0.941217,0.145539,1,0.481211
wb_0347,0.105704,0.105305,0.299836,0.814488,0.580826,2,0.105269
wb_0348,0.162604,0.162019,0.363418,0.851931,0.15465,1,0.162569
wb_0349,0.116518,0.11398,0.298998,0.844757,0.629816,3,0.060008
wb_0350,0.235642,0.234932,0.414589,0.921441,0.068511,1,0.235641
wb_0351,0.306092,0.303788,0.452358,0.923207,0.061024,1,0.306089
wb_0352,0.064289,0.063695,0.222966,0.792185,0.363592,35,0.044965
wb_0353,0.101487,0.101087,0.297311,0.813032,0.33479,1,0.101458
wb_0354,0.627118,0.623593,0.47477,0.962577,0.105221,1,0.627095
wb_0355,0.192071,0.178134,0.327639,0.898683,0.334258,11,0.154488
wb_0356,5e-05,0.02938,0.044623,0.921161,0.83008,2,2.8e-05
wb_0357,0.016552,0.016466,0.124572,0.655922,0.783942,1,0.016544
wb_0358,0.182338,0.180868,0.372184,0.865119,0.073253,3,0.137297
wb_0359,0.22074,0.216213,0.398776,0.878718,0.204882,1,0.220665
wb_0360,0.028545,0.027124,0.145155,0.737286,0.176049,6,0.011459
wb_0361,0.142176,0.14429,0.324685,0.856586,0.329019,5,0.140396
wb_0362,0.241182,0.240151,0.421666,0.900356,0.337938,1,0.241178
wb_0363,0.141337,0.138472,0.325276,0.841155,0.230186,3,0.069084
wb_0364,0.412918,0.400091,0.474153,0.9229,0.257328,1,0.412866
wb_0365,0.308004,0.301817,0.433219,0.908536,0.386512,3,0.307538
wb_0366,0.287662,0.28654,0.447652,0.898044,0.163722,1,0.287627
wb_0367,0.346651,0.332753,0.418648,0.923863,0.281227,3,0.281875
wb_0368,0.4264,0.422233,0.483932,0.931127,0.211199,1,0.426372
wb_0369,0.488452,0.47895,0.473534,0.954045,0.079855,5,0.296434
wb_0370,0.386398,0.382153,0.473688,0.922918,0.054798,5,0.218801
wb_0371,0.211094,0.210136,0.402159,0.873087,0.437634,2,0.169132
wb_0372,0.154554,0.152833,0.342733,0.854293,0.39631,7,0.150122
wb_0373,0.037384,0.037366,0.182774,0.736451,0.049368,4,0.025382
wb_0374,0.175122,0.171819,0.365751,0.86453,0.624617,1,0.175111
wb_0375,0.227963,0.227006,0.412643,0.879886,0.072242,2,0.129207
wb_0376,0.132185,0.124409,0.299685,0.847278,0.106477,3,0.130277
wb_0377,0.311405,0.313092,0.445398,0.903521,0.079176,2,0.306775
wb_0378,0.013988,0.013997,0.111953,0.672261,0.231148,2,0.013712
wb_0379,0.2461,0.245163,0.424839,0.885722,0.141415,1,0.246007
wb_0380,0.373131,0.354201,0.414021,0.928904,0.284502,6,0.23742
wb_0381,0.015734,0.017276,0.111785,0.726353,0.878996,4,0.013488
wb_0382,0.00809,0.008693,0.08022,0.671348,0.536942,4,0.005148
wb_0383,0.480961,0.476527,0.478099,0.943219,0.26276,3,0.480094
wb_0384,0.275699,0.273321,0.439029,0.889885,0.157024,1,0.275658
wb_0385,0.497332,0.487673,0.487111,0.943137,0.159375,1,0.497309
wb_0386,0.56408,0.561614,0.490866,0.954194,0.332295,1,0.564071
wb_0387,0.128513,0.143645,0.299087,0.879125,0.021615,9,0.067679
wb_0388,0.134041,0.132874,0.326455,0.840533,0.081944,6,0.095428
wb_0389,0.27847,0.277066,0.442048,0.898177,0.271418,1,0.278444
wb_0390,0.418241,0.416385,0.486887,0.925481,0.048588,1,0.41823
wb_0391,0.069984,0.069165,0.248799,0.780785,0.463418,1,0.069978
wb_0392,0.41668,0.413841,0.451998,0.939777,0.13703,4,0.40321
wb_0393,0.008268,0.00811,0.083891,0.615033,0.542946,2,0.007904
wb_0394,0.073787,0.084637,0.244703,0.817145,0.243771,4,0.053836
wb_0395,0.169337,0.167962,0.367679,0.857345,0.015248,1,0.169303
wb_0396,0.217531,0.216252,0.405116,0.873045,0.117132,1,0.217377
wb_0397,0.047934,0.049031,0.188597,0.820715,0.264771,5,0.039827
wb_0398,0.202397,0.201556,0.396427,0.862948,0.425791,1,0.202356
wb_0399,0.204493,0.203562,0.396596,0.870985,0.097085,1,0.204464
wb_0400,0.047608,0.047651,0.210538,0.763261,0.178792,1,0.047602
wb_0401,0.43901,0.436015,0.486691,0.933539,0.394739,1,0.438964
wb_0402,0.205532,0.20533,0.396558,0.872575,0.439528,3,0.205174
wb_0403,0.198607,0.197714,0.389307,0.900607,0.107992,3,0.196363
wb_0404,0.266387,0.264801,0.435275,0.909785,0.23601,1,0.266385
wb_0405,0.254974,0.253969,0.431039,0.889164,0.159482,1,0.254949
wb_0406,0.199064,0.19585,0.364207,0.900913,0.116902,6,0.124069
wb_0407,0.473426,0.474014,0.482189,0.94288,0.284222,1,0.473351
wb_0408,0.053368,0.056154,0.198253,0.826096,0.411065,11,0.025415
wb_0409,0.183774,0.182988,0.381625,0.893447,0.3495,1,0.183773
wb_0410,0.444261,0.442116,0.487402,0.946941,0.157773,1,0.444254
wb_0411,0.068467,0.068099,0.248919,0.767352,0.528187,1,0.068456
wb_0412,0.214358,0.212716,0.402202,0.907588,0.210476,1,0.214358
wb_0413,0.116317,0.115731,0.314062,0.852163,0.235948,1,0.116311
wb_0414,0.123066,0.122499,0.323398,0.882928,0.408926,1,0.123066
wb_0415,0.408264,0.406386,0.48384,0.923549,0.18129,2,0.407793
wb_0416,0.370006,0.365825,0.467346,0.941408,0.271882,2,0.369471
wb_0417,0.094807,0.094502,0.283178,0.848747,0.181645,1,0.094806
wb_0418,0.133964,0.133663,0.329582,0.840768,0.446649,3,0.129809
wb_0419,0.398016,0.396498,0.483948,0.94847,0.141773,4,0.397998
wb_0420,0.316614,0.315398,0.459773,0.935605,0.128009,1,0.316614
wb_0421,0.332447,0.324693,0.451571,0.940435,0.313822,1,0.332445
wb_0422,0.136659,0.133308,0.325527,0.873472,0.481017,3,0.100161
wb_0423,0.400014,0.398524,0.482856,0.927197,0.136629,1,0.399914
wb_0424,0.630878,0.627442,0.476133,0.971167,0.16452,2,0.630038
wb_0425,0.146521,0.143394,0.325913,0.856767,0.234098,2,0.112034
wb_0426,0.14595,0.14537,0.347062,0.890306,0.118046,2,0.132737
wb_0427,0.539519,0.533116,0.486514,0.96337,0.114404,1,0.539511
wb_0428,0.192426,0.192135,0.387224,0.881704,0.337872,1,0.192399
wb_0429,0.346314,0.335849,0.453192,0.937614,0.362947,2,0.310287
wb_0430,0.519383,0.515132,0.488453,0.944868,0.183354,1,0.51929
wb_0431,0.266449,0.262729,0.429203,0.920935,0.07662,2,0.266427
wb_0432,0.182952,0.179619,0.353606,0.876124,0.149674,2,0.117222
wb_0433,0.747001,0.741805,0.421899,0.977749,0.095279,1,0.746961
wb_0434,0.108124,0.108461,0.301753,0.874886,0.22138,1,0.10812
wb_0435,0.403365,0.396263,0.472933,0.943999,0.138344,2,0.40304
wb_0436,0.442279,0.439941,0.490919,0.943574,0.260321,1,0.442272
wb_0437,0.312809,0.303802,0.431148,0.938079,0.208482,5,0.308261
wb_0438,0.613655,0.601104,0.467826,0.971558,0.19804,1,0.613644
wb_0439,0.265993,0.264769,0.436512,0.89272,0.380709,1,0.265962
wb_0440,0.370991,0.369603,0.477839,0.932216,0.364048,3,0.370922
wb_0441,0.512685,0.510615,0.490822,0.945176,0.153821,2,0.512137
wb_0442,0.464585,0.462589,0.491495,0.947078,0.096888,1,0.464572
wb_0443,0.350803,0.36689,0.389437,0.95477,0.365341,15,0.266321
wb_0444,0.693853,0.685614,0.450401,0.977466,0.096651,1,0.693852
wb_0445,0.106952,0.106265,0.302387,0.847635,0.295674,1,0.106949
wb_0446,0.322357,0.321133,0.462768,0.921151,0.346453,1,0.322353
wb_0447,0.397502,0.395975,0.483925,0.936198,0.142104,1,0.397497
wb_0448,0.593456,0.562708,0.459464,0.967235,0.174614,2,0.535392
wb_0449,0.017121,0.017117,0.123234,0.775541,0.039358,3,0.007642
wb_0450,0.170478,0.169093,0.36418,0.859857,0.291829,2,0.169198
wb_0451,0.582645,0.570054,0.471257,0.964158,0.198133,2,0.582609
wb_0452,0.437546,0.43592,0.489339,0.933584,0.120754,2,0.437222
wb_0453,0.264277,0.263355,0.436031,0.891133,0.223259,1,0.26423
wb_0454,0.671528,0.655135,0.455815,0.968093,0.164791,2,0.670607
wb_0455,0.540104,0.537304,0.491537,0.949984,0.153974,1,0.540046
wb_0456,0.637783,0.631827,0.458939,0.96633,0.136969,3,0.637629
wb_0457,0.382797,0.380429,0.479361,0.923483,0.351215,1,0.382788
wb_0458,0.74287,0.739721,0.430994,0.980257,0.166164,1,0.742864
wb_0459,0.734769,0.73213,0.434876,0.975487,0.160161,1,0.734758
wb_0460,0.051672,0.051578,0.216771,0.796437,0.466096,1,0.05166
wb_0461,0.445834,0.442536,0.490015,0.942784,0.226854,1,0.445826
wb_0462,0.316097,0.3147,0.45762,0.929262,0.133565,1,0.316096
wb_0463,0.166794,0.178205,0.339782,0.88528,0.241699,5,0.13784
wb_0464,0.253461,0.256928,0.416937,0.896887,0.034382,1,0.253263
wb_0465,0.397607,0.391568,0.470538,0.949387,0.135444,3,0.390455
wb_0466,0.547791,0.545079,0.489778,0.964117,0.084033,1,0.54779
wb_0467,0.529682,0.526729,0.491744,0.949008,0.217294,1,0.52959
wb_0468,0.17072,0.170185,0.369912,0.891206,0.145678,1,0.170719
wb_0469,0.345068,0.343676,0.471103,0.913825,0.321652,1,0.345053
wb_0470,0.376011,0.374254,0.478185,0.941537,0.213346,1,0.37601
wb_0471,0.241667,0.244903,0.414061,0.891627,0.164437,4,0.240878
wb_0472,0.257598,0.256465,0.430036,0.889941,0.20426,1,0.257564
wb_0473,0.443449,0.44174,0.491124,0.933682,0.164521,1,0.443432
wb_0474,0.532335,0.525205,0.480387,0.964292,0.2348,2,0.532304
wb_0475,0.260856,0.250601,0.407941,0.917079,0.212841,3,0.142436
wb_0476,0.446009,0.443448,0.489376,0.946783,0.232198,1,0.446007
wb_0477,0.311974,0.304852,0.444281,0.92391,0.078476,3,0.310525
wb_0478,0.226767,0.225939,0.41242,0.905753,0.118026,1,0.226766
wb_0479,0.093616,0.09367,0.286624,0.809551,0.228048,1,0.093575
wb_0480,0.328144,0.32606,0.461773,0.92611,0.29752,1,0.328144
wb_0481,0.141734,0.141334,0.343133,0.842499,0.191379,1,0.141698
wb_0482,0.427465,0.417157,0.478187,0.931177,0.11869,1,0.427367
wb_0483,0.53073,0.527716,0.490102,0.962263,0.066127,1,0.530729
wb_0484,0.442041,0.437153,0.474646,0.949947,0.096562,2,0.441966
wb_0485,0.146698,0.145963,0.346681,0.845784,0.078748,1,0.14661
wb_0486,0.354275,0.352219,0.469895,0.929777,0.140531,2,0.182913
wb_0487,0.525688,0.523314,0.492834,0.947302,0.142255,1,0.525669
wb_0488,0.006728,0.010341,0.069345,0.784599,0.427185,3,0.006195
wb_0489,0.406975,0.404724,0.482627,0.928087,0.085741,1,0.406934
wb_0490,0.561905,0.559127,0.489984,0.958739,0.270928,1,0.561896
wb_0491,0.347734,0.346213,0.470943,0.929789,0.140294,1,0.347731
wb_0492,0.345284,0.343557,0.467688,0.939288,0.085698,1,0.345284
wb_0493,0.328819,0.327793,0.463814,0.911642,0.226715,1,0.328724
wb_0494,0.397273,0.393172,0.479157,0.944739,0.161725,1,0.397272
wb_0495,0.14335,0.142849,0.344178,0.86965,0.214951,2,0.072215
wb_0496,0.234247,0.229786,0.408174,0.913315,0.020251,3,0.22139
wb_0497,0.34033,0.339247,0.469957,0.928778,0.342967,1,0.340329
wb_0498,0.437603,0.435777,0.488996,0.951738,0.185449,1,0.437603
wb_0499,0.413937,0.407398,0.467465,0.948169,0.319047,2,0.404607
wb_0500,0.357685,0.358726,0.470565,0.916592,0.345783,2,0.357207
